;nome;num_colecao;extras;lingua;condicao;preco_unitario
0;Gyarados;(6, 102);Foil;Português;HP;11.0
1;Gyarados;(6, 102);Foil;Português;HP;19.0
2;Gyarados;(6, 102);Foil;Português;D;19.9
3;Gyarados;(6, 102);Foil;Português;HP;19.9
4;Gyarados;(6, 102);Foil;Português;HP;19.99
5;Gyarados;(6, 102);Foil;Português;MP;22.5
6;Gyarados;(6, 102);Foil;Português;MP;24.9
7;Gyarados;(6, 102);Foil;Português;MP;24.99
8;Gyarados;(6, 102);Foil;Português;MP;34.9
9;Gyarados;(6, 102);Foil;Português;HP;35.9
10;Gyarados;(6, 102);Foil;Português;HP;36.89
11;Gyarados;(6, 102);Foil;Inglês;D;39.95
12;Gyarados;(6, 102);Foil;Português;HP;49.95
13;Gyarados;(6, 102);Foil;Português;SP;51.0
14;Gyarados;(6, 102);Foil;Inglês;D;54.9
15;Gyarados;(6, 102);Foil;Português;NM;59.9
16;Gyarados;(6, 102);Foil;Português;MP;59.9
17;Gyarados;(6, 102);Foil;Português;SP;61.63
18;Gyarados;(6, 102);Foil;Inglês;HP;61.9
19;Gyarados;(6, 102);Foil;Português;SP;72.89
20;Gyarados;(6, 102);Foil;Português;MP;89.95
21;Gyarados;(6, 102);Foil;Inglês;MP;120.0
22;Gyarados;(6, 102);Foil;Português;SP;124.95
23;Gyarados;(6, 102);Foil;Inglês;SP;127.5
24;Gyarados;(6, 102);Foil;Inglês;MP;129.95
25;Gyarados;(6, 102);Foil;Português;SP;135.0
26;Gyarados;(6, 102);Foil, Edition One;Português;HP;179.9
27;Gyarados;(6, 102);Foil;Japonês;MP;199.9
28;Gyarados;(6, 102);Foil, Edition One;Português;MP;199.9
29;Gyarados;(6, 102);Foil, Edition One;Português;D;199.99
30;Gyarados;(6, 102);Foil, Edition One;Português;HP;220.0
31;Machamp;(8, 102);Foil, Edition One;Português;HP;5.95
32;Machamp;(8, 102);Foil, Edition One;Português;D;6.5
33;Machamp;(8, 102);Foil, Edition One;Português;D;7.0
34;Machamp;(8, 102);Foil, Edition One;Português;D;7.9
35;Machamp;(8, 102);Foil, Edition One;Português;D;7.99
36;Machamp;(8, 102);Foil, Edition One;Português;D;8.99
37;Machamp;(8, 102);Foil, Edition One;Português;HP;9.5
38;Machamp;(8, 102);Foil, Edition One;Português;D;9.9
39;Machamp;(8, 102);Foil, Edition One;Português;D;9.9
40;Machamp;(8, 102);Foil, Edition One;Português;HP;12.9
41;Machamp;(8, 102);Foil, Edition One;Inglês;D;14.9
42;Machamp;(8, 102);Foil, Edition One;Inglês;D;15.9
43;Machamp;(8, 102);Foil, Edition One;Inglês;HP;16.9
44;Machamp;(8, 102);Foil, Edition One;Português;D;18.9
45;Machamp;(8, 102);Foil, Edition One;Espanhol;SP;19.9
46;Machamp;(8, 102);Foil, Edition One;Francês;D;19.95
47;Machamp;(8, 102);Foil, Edition One;Português;HP;19.99
48;Machamp;(8, 102);Foil, Edition One;Inglês;D;34.95
49;Machamp;(8, 102);Foil, Edition One;Português;MP;35.0
50;Machamp;(8, 102);Edition One;Português;SP;42.5
51;Machamp;(8, 102);Foil, Edition One;Português;HP;49.95
52;Machamp;(8, 102);Foil;Japonês;NM;79.95
53;Mewtwo;(10, 102);Foil;Português;D;20.89
54;Mewtwo;(10, 102);Foil;Português;HP;29.9
55;Mewtwo;(10, 102);Foil;Português;MP;34.99
56;Mewtwo;(10, 102);Foil;Português;HP;39.9
57;Mewtwo;(10, 102);Foil;Português;MP;39.9
58;Mewtwo;(10, 102);Foil;Inglês;MP;42.5
59;Mewtwo;(10, 102);Foil;Inglês;HP;44.5
60;Mewtwo;(10, 102);Foil;Português;MP;49.9
61;Mewtwo;(10, 102);Foil;Português;D;51.9
62;Mewtwo;(10, 102);Foil;Português;HP;57.9
63;Mewtwo;(10, 102);Foil;Português;MP;59.42
64;Mewtwo;(10, 102);Foil;Português;HP;59.9
65;Mewtwo;(10, 102);Foil;Inglês;D;69.9
66;Mewtwo;(10, 102);Foil;Português;D;69.95
67;Mewtwo;(10, 102);Foil;Francês;D;69.95
68;Mewtwo;(10, 102);Foil;Português;D;79.99
69;Mewtwo;(10, 102);Foil;Alemão;NM;89.9
70;Mewtwo;(10, 102);Foil;Português;HP;119.95
71;Mewtwo;(10, 102);Foil;Inglês;MP;129.9
72;Mewtwo;(10, 102);Foil;Japonês;NM;149.9
73;Mewtwo;(10, 102);Foil;Português;MP;149.95
74;Mewtwo;(10, 102);Foil;Português;MP;169.9
75;Mewtwo;(10, 102);Foil;Português;NM;199.9
76;Mewtwo;(10, 102);Foil;Português;SP;219.99
77;Mewtwo;(10, 102);Foil;Inglês;SP;239.95
78;Mewtwo;(10, 102);Foil, Edition One;Inglês;D;399.9
79;Mewtwo;(10, 102);Foil, Shadowless;Inglês;HP;699.95
80;Mewtwo;(10, 102);Foil, Edition One;Português;SP;719.99
81;Mewtwo;(10, 102);Foil, Edition One;Francês;MP;799.9
82;Mewtwo;(10, 102);Foil, Edition One, Shadowless;Inglês;HP;4999.9
83;Beedrill;(17, 102);;Português;D;2.0
84;Beedrill;(17, 102);;Português;D;2.45
85;Beedrill;(17, 102);;Português;HP;2.55
86;Beedrill;(17, 102);;Português;HP;2.99
87;Beedrill;(17, 102);;Inglês;HP;3.0
88;Beedrill;(17, 102);;Inglês;HP;3.4
89;Beedrill;(17, 102);;Português;D;4.0
90;Beedrill;(17, 102);;Português;MP;5.0
91;Beedrill;(17, 102);;Português;HP;6.0
92;Beedrill;(17, 102);;Português;D;6.9
93;Beedrill;(17, 102);;Inglês;HP;7.0
94;Beedrill;(17, 102);;Português / Inglês;MP;7.65
95;Beedrill;(17, 102);;Português;MP;8.0
96;Beedrill;(17, 102);;Inglês;MP;8.2
97;Beedrill;(17, 102);;Português;MP;8.4
98;Beedrill;(17, 102);;Inglês;MP;8.91
99;Beedrill;(17, 102);;Português;HP;9.9
100;Beedrill;(17, 102);;Português;MP;11.48
101;Beedrill;(17, 102);;Português;MP;11.9
102;Beedrill;(17, 102);;Português;SP;12.0
103;Beedrill;(17, 102);;Português;SP;12.99
104;Beedrill;(17, 102);;Português;MP;13.9
105;Beedrill;(17, 102);;Português;SP;14.9
106;Beedrill;(17, 102);;Inglês;MP;14.9
107;Beedrill;(17, 102);;Inglês;SP;17.0
108;Beedrill;(17, 102);;Português;SP;18.0
109;Beedrill;(17, 102);;Português;NM;23.39
110;Beedrill;(17, 102);Edition One;Português;MP;42.5
111;Beedrill;(17, 102);;Português;M;45.0
112;Beedrill;(17, 102);Edition One;Português;HP;74.9
113;Beedrill;(17, 102);Edition One;Português;D;109.9
114;Beedrill;(17, 102);Edition One;Português;HP;119.9
115;Beedrill;(17, 102);Edition One;Português;MP;139.9
116;Beedrill;(17, 102);Edition One;Português;NM;149.9
117;Dragonair;(18, 102);;Português;HP;6.0
118;Dragonair;(18, 102);;Português;HP;6.5
119;Dragonair;(18, 102);;Português;MP;14.95
120;Dragonair;(18, 102);;Inglês;SP;14.99
121;Dragonair;(18, 102);;Português / Inglês;MP;16.9
122;Dragonair;(18, 102);;Português;HP;16.92
123;Dragonair;(18, 102);Edition One;Português;SP;159.9
124;Electabuzz;(20, 102);;Português;MP;7.0
125;Electabuzz;(20, 102);;Inglês;HP;7.5
126;Electabuzz;(20, 102);;Português;MP;8.5
127;Electabuzz;(20, 102);;Português;D;9.9
128;Electabuzz;(20, 102);;Português;HP;9.9
129;Electabuzz;(20, 102);;Português;MP;10.0
130;Electabuzz;(20, 102);;Português;HP;11.9
131;Electabuzz;(20, 102);;Português / Inglês;MP;12.9
132;Electabuzz;(20, 102);;Português;HP;14.9
133;Electabuzz;(20, 102);;Inglês;SP;19.99
134;Electabuzz;(20, 102);;Português / Inglês;SP;25.0
135;Electabuzz;(20, 102);Edition One;Português;D;29.9
136;Electabuzz;(20, 102);;Inglês;HP;30.9
137;Electabuzz;(20, 102);Edition One;Português;HP;35.9
138;Electabuzz;(20, 102);Edition One;Português / Inglês;MP;99.0
139;Electabuzz;(20, 102);Edition One;Português;MP;120.0
140;Pidgeotto;(22, 102);;Inglês;D;4.0
141;Pidgeotto;(22, 102);;Português;D;4.0
142;Pidgeotto;(22, 102);;Inglês;D;4.99
143;Pidgeotto;(22, 102);;Português;D;12.5
144;Pidgeotto;(22, 102);;Português / Inglês;MP;14.9
145;Pidgeotto;(22, 102);;Português;D;17.9
146;Pidgeotto;(22, 102);;Português;HP;19.9
147;Pidgeotto;(22, 102);;Inglês;SP;21.25
148;Pidgeotto;(22, 102);;Inglês;D;23.9
149;Pidgeotto;(22, 102);;Português / Inglês;MP;25.9
150;Pidgeotto;(22, 102);;Inglês;D;25.9
151;Pidgeotto;(22, 102);Edition One;Português;SP;30.0
152;Pidgeotto;(22, 102);;Inglês;MP;45.0
153;Pidgeotto;(22, 102);;Inglês;SP;49.9
154;Pidgeotto;(22, 102);;Português;M;81.0
155;Pidgeotto;(22, 102);Shadowless;Inglês;HP;99.5
156;Arcanine;(23, 102);;Português;HP;3.98
157;Arcanine;(23, 102);;Português;MP;7.0
158;Arcanine;(23, 102);;Português;MP;7.98
159;Arcanine;(23, 102);;Português;SP;14.9
160;Arcanine;(23, 102);Edition One;Português;D;14.9
161;Arcanine;(23, 102);;Inglês;SP;15.9
162;Arcanine;(23, 102);;Português;NM;16.9
163;Arcanine;(23, 102);;Português;SP;17.91
164;Arcanine;(23, 102);;Português;SP;19.99
165;Arcanine;(23, 102);;Português;NM;26.91
166;Arcanine;(23, 102);;Português;M;53.1
167;Arcanine;(23, 102);Edition One, Shadowless;Inglês;D;199.5
168;Charmeleon;(24, 102);;Português;HP;0.49
169;Charmeleon;(24, 102);;Português;HP;0.49
170;Charmeleon;(24, 102);;Português;MP;0.99
171;Charmeleon;(24, 102);;Português;D;0.99
172;Charmeleon;(24, 102);;Português;HP;1.02
173;Charmeleon;(24, 102);;Português;D;1.9
174;Charmeleon;(24, 102);;Português;SP;2.0
175;Charmeleon;(24, 102);;Português;HP;2.0
176;Charmeleon;(24, 102);;Português;SP;2.2
177;Charmeleon;(24, 102);;Português;HP;2.3
178;Charmeleon;(24, 102);;Português;D;2.5
179;Charmeleon;(24, 102);;Português;D;2.5
180;Charmeleon;(24, 102);;Inglês;D;2.5
181;Charmeleon;(24, 102);;Português;MP;2.7
182;Charmeleon;(24, 102);;Português;SP;3.4
183;Charmeleon;(24, 102);;Português;HP;3.59
184;Charmeleon;(24, 102);;Inglês;D;3.9
185;Charmeleon;(24, 102);;Inglês;HP;4.3
186;Charmeleon;(24, 102);;Inglês;MP;4.5
187;Charmeleon;(24, 102);;Português;HP;4.9
188;Charmeleon;(24, 102);;Português;HP;4.99
189;Charmeleon;(24, 102);;Português;MP;5.0
190;Charmeleon;(24, 102);Edition One;Português;D;5.0
191;Charmeleon;(24, 102);;Inglês;SP;5.1
192;Charmeleon;(24, 102);;Português;MP;6.29
193;Charmeleon;(24, 102);;Inglês;MP;7.99
194;Charmeleon;(24, 102);;Português;HP;8.9
195;Charmeleon;(24, 102);;Português;SP;9.81
196;Charmeleon;(24, 102);;Português;SP;9.99
197;Charmeleon;(24, 102);;Português;SP;11.25
198;Charmeleon;(24, 102);;Português;MP;12.9
199;Charmeleon;(24, 102);;Inglês;SP;13.95
200;Charmeleon;(24, 102);;Português;SP;15.0
201;Charmeleon;(24, 102);;Inglês;MP;15.9
202;Charmeleon;(24, 102);;Inglês;NM;17.0
203;Charmeleon;(24, 102);;Português;HP;17.9
204;Charmeleon;(24, 102);;Português;NM;17.91
205;Charmeleon;(24, 102);;Português;SP;17.91
206;Charmeleon;(24, 102);;Português;MP;18.9
207;Charmeleon;(24, 102);;Inglês;NM;19.99
208;Charmeleon;(24, 102);;Inglês;NM;22.49
209;Charmeleon;(24, 102);;Português;SP;24.9
210;Charmeleon;(24, 102);;Inglês;SP;24.9
211;Charmeleon;(24, 102);;Português;NM;32.39
212;Charmeleon;(24, 102);;Português;NM;34.9
213;Charmeleon;(24, 102);;Inglês;NM;36.0
214;Charmeleon;(24, 102);;Português;NM;39.9
215;Charmeleon;(24, 102);;Português;M;72.0
216;Charmeleon;(24, 102);Edition One;Português;HP;89.9
217;Charmeleon;(24, 102);Edition One;Português;MP;89.9
218;Charmeleon;(24, 102);Edition One;Português;SP;189.9
219;Dratini;(26, 102);;Português;D;0.25
220;Dratini;(26, 102);;Português;HP;0.5
221;Dratini;(26, 102);;Português;SP;0.6
222;Dratini;(26, 102);;Português;HP;0.72
223;Dratini;(26, 102);;Português;D;0.79
224;Dratini;(26, 102);;Inglês;SP;0.85
225;Dratini;(26, 102);;Português;HP;0.99
226;Dratini;(26, 102);;Inglês;MP;1.0
227;Dratini;(26, 102);;Português;HP;1.02
228;Dratini;(26, 102);;Português;MP;1.26
229;Dratini;(26, 102);;Português;HP;1.29
230;Dratini;(26, 102);;Português;HP;1.58
231;Dratini;(26, 102);;Português / Inglês;MP;1.79
232;Dratini;(26, 102);;Português;D;1.9
233;Dratini;(26, 102);;Português;MP;1.98
234;Dratini;(26, 102);;Inglês;MP;1.99
235;Dratini;(26, 102);;Português;MP;2.25
236;Dratini;(26, 102);;Português;HP;2.3
237;Dratini;(26, 102);;Português;MP;2.5
238;Dratini;(26, 102);;Português;HP;2.5
239;Dratini;(26, 102);;Italiano;NM;2.9
240;Dratini;(26, 102);;Português;HP;3.5
241;Dratini;(26, 102);;Inglês;D;3.9
242;Dratini;(26, 102);;Inglês;MP;4.0
243;Dratini;(26, 102);;Inglês;MP;4.5
244;Dratini;(26, 102);;Português;SP;4.99
245;Dratini;(26, 102);;Português;SP;5.99
246;Dratini;(26, 102);;Português;SP;6.29
247;Dratini;(26, 102);;Inglês;SP;14.39
248;Dratini;(26, 102);;Inglês;SP;15.9
249;Dratini;(26, 102);;Português;NM;20.25
250;Dratini;(26, 102);;Japonês;MP;25.0
251;Dratini;(26, 102);Edition One;Português;MP;29.5
252;Dratini;(26, 102);;Português;M;49.5
253;Dratini;(26, 102);Edition One;Português;M;108.0
254;Growlithe;(28, 102);;Português;HP;0.2
255;Growlithe;(28, 102);;Português;HP;0.5
256;Growlithe;(28, 102);;Português;HP;0.5
257;Growlithe;(28, 102);Alterada;Português;SP;0.59
258;Growlithe;(28, 102);;Português;MP;0.72
259;Growlithe;(28, 102);;Português;HP;1.02
260;Growlithe;(28, 102);;Português;D;1.13
261;Growlithe;(28, 102);;Português;HP;1.35
262;Growlithe;(28, 102);;Inglês;MP;1.5
263;Growlithe;(28, 102);;Português;MP;1.58
264;Growlithe;(28, 102);;Português;D;1.9
265;Growlithe;(28, 102);;Português;D;1.9
266;Growlithe;(28, 102);;Português;HP;1.99
267;Growlithe;(28, 102);;Português;MP;2.0
268;Growlithe;(28, 102);;Português;HP;2.1
269;Growlithe;(28, 102);;Português;MP;2.5
270;Growlithe;(28, 102);;Português;SP;2.7
271;Growlithe;(28, 102);;Português;SP;3.59
272;Growlithe;(28, 102);;Italiano;SP;3.9
273;Growlithe;(28, 102);;Inglês;MP;3.9
274;Growlithe;(28, 102);;Português;HP;3.98
275;Growlithe;(28, 102);;Inglês;HP;4.3
276;Growlithe;(28, 102);;Inglês;MP;4.5
277;Growlithe;(28, 102);;Inglês;SP;4.7
278;Growlithe;(28, 102);;Português;SP;4.99
279;Growlithe;(28, 102);;Português;MP;6.9
280;Growlithe;(28, 102);;Inglês;MP;6.9
281;Growlithe;(28, 102);;Português;SP;6.9
282;Growlithe;(28, 102);;Japonês;NM;8.01
283;Growlithe;(28, 102);;Inglês;SP;8.01
284;Growlithe;(28, 102);;Português;SP;8.01
285;Growlithe;(28, 102);;Português;SP;9.9
286;Growlithe;(28, 102);;Inglês;SP;9.9
287;Growlithe;(28, 102);;Português;NM;14.31
288;Growlithe;(28, 102);Edition One;Português;D;14.9
289;Growlithe;(28, 102);;Português;NM;17.91
290;Growlithe;(28, 102);;Português;NM;19.9
291;Growlithe;(28, 102);Edition One;Português;MP;21.25
292;Growlithe;(28, 102);;Inglês;NM;22.5
293;Growlithe;(28, 102);Edition One;Português;D;29.5
294;Growlithe;(28, 102);Shadowless;Inglês;MP;29.5
295;Growlithe;(28, 102);;Português;M;35.91
296;Growlithe;(28, 102);Edition One;Português;SP;49.9
297;Growlithe;(28, 102);Edition One;Português;NM;98.9
298;Growlithe;(28, 102);Edition One;Português;M;135.0
299;Haunter;(29, 102);;Inglês;HP;1.9
300;Haunter;(29, 102);;Português;MP;2.13
301;Haunter;(29, 102);;Português;HP;2.99
302;Haunter;(29, 102);;Português;MP;3.5
303;Haunter;(29, 102);;Inglês;D;3.9
304;Haunter;(29, 102);;Inglês;MP;4.5
305;Haunter;(29, 102);;Inglês;SP;7.0
306;Haunter;(29, 102);;Português;MP;7.98
307;Haunter;(29, 102);;Inglês;MP;8.99
308;Haunter;(29, 102);;Português;MP;8.99
309;Haunter;(29, 102);;Português;SP;8.99
310;Haunter;(29, 102);;Português;SP;9.99
311;Haunter;(29, 102);;Português;SP;11.69
312;Haunter;(29, 102);;Alemão;SP;14.5
313;Haunter;(29, 102);;Português;SP;14.9
314;Haunter;(29, 102);;Português;NM;17.09
315;Haunter;(29, 102);;Português;NM;17.91
316;Haunter;(29, 102);;Japonês;HP;29.99
317;Haunter;(29, 102);Edition One;Português;M;135.0
318;Ivysaur;(30, 102);;Inglês;HP;0.53
319;Ivysaur;(30, 102);;Português;D;1.8
320;Ivysaur;(30, 102);;Inglês;MP;2.0
321;Ivysaur;(30, 102);;Português;SP;2.5
322;Ivysaur;(30, 102);;Inglês;SP;2.55
323;Ivysaur;(30, 102);;Português;SP;2.69
324;Ivysaur;(30, 102);;Português;MP;3.9
325;Ivysaur;(30, 102);;Inglês;MP;4.5
326;Ivysaur;(30, 102);;Português;SP;4.9
327;Ivysaur;(30, 102);;Inglês;MP;6.75
328;Ivysaur;(30, 102);;Português;HP;8.9
329;Ivysaur;(30, 102);;Português;MP;15.9
330;Ivysaur;(30, 102);;Inglês;MP;15.9
331;Ivysaur;(30, 102);;Português;NM;17.91
332;Ivysaur;(30, 102);;Inglês;MP;19.5
333;Ivysaur;(30, 102);;Português;SP;22.9
334;Ivysaur;(30, 102);;Português;SP;24.5
335;Ivysaur;(30, 102);;Japonês;SP;29.99
336;Ivysaur;(30, 102);Edition One;Português;HP;30.0
337;Ivysaur;(30, 102);Edition One;Português;HP;34.0
338;Ivysaur;(30, 102);;Inglês;NM;44.9
339;Ivysaur;(30, 102);Edition One;Português;D;50.0
340;Ivysaur;(30, 102);Edition One;Português;HP;50.0
341;Ivysaur;(30, 102);;Português;M;53.91
342;Ivysaur;(30, 102);Edition One;Português;HP;55.0
343;Ivysaur;(30, 102);;Português;M;62.91
344;Jynx;(31, 102);;Português;MP;0.18
345;Jynx;(31, 102);;Português;MP;0.4
346;Jynx;(31, 102);;Português;MP;0.43
347;Jynx;(31, 102);;Português;HP;0.51
348;Jynx;(31, 102);;Português;D;0.99
349;Jynx;(31, 102);;Português;MP;1.5
350;Jynx;(31, 102);;Português;D;1.9
351;Jynx;(31, 102);;Português;D;1.9
352;Jynx;(31, 102);;Português;MP;2.25
353;Jynx;(31, 102);;Português;HP;2.3
354;Jynx;(31, 102);;Português;MP;2.5
355;Jynx;(31, 102);;Português;HP;2.99
356;Jynx;(31, 102);;Português;MP;3.0
357;Jynx;(31, 102);;Português;MP;3.98
358;Jynx;(31, 102);;Inglês;MP;3.98
359;Jynx;(31, 102);;Inglês;HP;4.3
360;Jynx;(31, 102);;Inglês;MP;4.5
361;Jynx;(31, 102);;Português;SP;6.29
362;Jynx;(31, 102);;Português;SP;7.98
363;Jynx;(31, 102);;Português;SP;8.91
364;Jynx;(31, 102);;Português;SP;9.99
365;Jynx;(31, 102);;Inglês;SP;9.99
366;Jynx;(31, 102);;Português;NM;13.5
367;Jynx;(31, 102);;Inglês;SP;15.9
368;Jynx;(31, 102);;Português;NM;17.91
369;Jynx;(31, 102);;Português;NM;25.0
370;Jynx;(31, 102);;Português;M;36.0
371;Jynx;(31, 102);Shadowless;Inglês;MP;39.99
372;Jynx;(31, 102);Edition One;Português;SP;47.9
373;Jynx;(31, 102);Edition One;Português;NM;68.0
374;Jynx;(31, 102);Edition One;Português;M;90.0
375;Kadabra;(32, 102);;Português;HP;3.5
376;Kadabra;(32, 102);;Português;HP;3.9
377;Kadabra;(32, 102);;Português / Inglês;MP;4.95
378;Kadabra;(32, 102);;Inglês;MP;8.0
379;Kadabra;(32, 102);;Português;MP;8.9
380;Kadabra;(32, 102);;Português;HP;9.9
381;Kadabra;(32, 102);;Português;HP;9.99
382;Kadabra;(32, 102);;Português;SP;10.0
383;Kadabra;(32, 102);;Português;SP;13.9
384;Kadabra;(32, 102);;Português;SP;14.9
385;Kadabra;(32, 102);;Português;MP;15.0
386;Kadabra;(32, 102);;Português / Inglês;SP;15.21
387;Kadabra;(32, 102);;Português;MP;16.9
388;Kadabra;(32, 102);;Inglês;MP;16.9
389;Kadabra;(32, 102);;Português / Inglês;NM;19.98
390;Kadabra;(32, 102);;Inglês;SP;20.0
391;Kadabra;(32, 102);;Português;SP;24.9
392;Kadabra;(32, 102);;Português;SP;24.99
393;Kadabra;(32, 102);;Inglês;SP;24.99
394;Kadabra;(32, 102);;Inglês;NM;31.5
395;Kadabra;(32, 102);Edition One;Português;HP;34.5
396;Kadabra;(32, 102);;Português;NM;39.9
397;Kadabra;(32, 102);Edition One;Português;MP;104.41
398;Kadabra;(32, 102);Edition One;Português;M;139.5
399;Kadabra;(32, 102);Edition One;Português;M;180.0
400;Kakuna;(33, 102);;Português / Inglês;HP;0.17
401;Kakuna;(33, 102);;Português;MP;0.4
402;Kakuna;(33, 102);;Inglês;MP;0.98
403;Kakuna;(33, 102);;Inglês;HP;0.98
404;Kakuna;(33, 102);;Português;HP;1.0
405;Kakuna;(33, 102);;Português;MP;1.35
406;Kakuna;(33, 102);;Português;D;1.9
407;Kakuna;(33, 102);;Italiano;D;1.9
408;Kakuna;(33, 102);;Português;MP;1.98
409;Kakuna;(33, 102);;Inglês;HP;1.99
410;Kakuna;(33, 102);;Português;HP;2.3
411;Kakuna;(33, 102);;Português;MP;2.5
412;Kakuna;(33, 102);;Português;SP;2.7
413;Kakuna;(33, 102);;Português;NM;2.9
414;Kakuna;(33, 102);;Italiano;NM;2.9
415;Kakuna;(33, 102);;Português;SP;2.98
416;Kakuna;(33, 102);;Alemão;SP;2.98
417;Kakuna;(33, 102);;Português;SP;3.0
418;Kakuna;(33, 102);Edition One;Português;HP;3.4
419;Kakuna;(33, 102);;Inglês;MP;4.5
420;Kakuna;(33, 102);;Inglês;SP;4.7
421;Kakuna;(33, 102);;Português;SP;4.99
422;Kakuna;(33, 102);;Português;NM;5.98
423;Kakuna;(33, 102);;Português;SP;6.29
424;Kakuna;(33, 102);;Português;SP;8.09
425;Kakuna;(33, 102);;Português;SP;8.91
426;Kakuna;(33, 102);;Inglês;SP;12.9
427;Kakuna;(33, 102);Edition One;Português;MP;39.9
428;Kakuna;(33, 102);;Português;M;44.91
429;Kakuna;(33, 102);Edition One;Português;NM;89.9
430;Machoke;(34, 102);;Inglês;HP;0.1
431;Machoke;(34, 102);;Português;HP;0.1
432;Machoke;(34, 102);;Inglês;HP;0.1
433;Machoke;(34, 102);;Português;HP;0.1
434;Machoke;(34, 102);;Português;D;0.1
435;Machoke;(34, 102);;Inglês;HP;0.15
436;Machoke;(34, 102);;Português;HP;0.23
437;Machoke;(34, 102);;Português;MP;0.26
438;Machoke;(34, 102);;Português;MP;0.29
439;Machoke;(34, 102);;Português;D;0.45
440;Machoke;(34, 102);;Português;HP;0.45
441;Machoke;(34, 102);;Português;D;0.7
442;Machoke;(34, 102);;Inglês;D;0.7
443;Machoke;(34, 102);;Português;HP;0.71
444;Machoke;(34, 102);;Português;MP;0.94
445;Machoke;(34, 102);;Inglês;MP;0.94
446;Machoke;(34, 102);;Inglês;HP;0.99
447;Machoke;(34, 102);;Português;HP;1.0
448;Machoke;(34, 102);;Português;MP;1.13
449;Machoke;(34, 102);;Inglês;MP;1.5
450;Machoke;(34, 102);;Português;SP;1.7
451;Machoke;(34, 102);Alterada;Português;SP;1.79
452;Machoke;(34, 102);;Português;D;1.9
453;Machoke;(34, 102);;Português;MP;1.98
454;Machoke;(34, 102);;Inglês;MP;1.98
455;Machoke;(34, 102);;Português;MP;2.0
456;Machoke;(34, 102);;Inglês;SP;2.08
457;Machoke;(34, 102);;Português;HP;2.3
458;Machoke;(34, 102);;Português;MP;2.5
459;Machoke;(34, 102);;Português;MP;2.5
460;Machoke;(34, 102);;Português;SP;2.7
461;Machoke;(34, 102);;Português / Inglês;MP;3.0
462;Machoke;(34, 102);;Inglês;D;3.9
463;Machoke;(34, 102);;Português;SP;3.9
464;Machoke;(34, 102);;Alemão;SP;3.9
465;Machoke;(34, 102);;Italiano;NM;3.9
466;Machoke;(34, 102);;Inglês;HP;4.3
467;Machoke;(34, 102);;Inglês;MP;4.5
468;Machoke;(34, 102);;Inglês;SP;4.7
469;Machoke;(34, 102);;Português;SP;4.99
470;Machoke;(34, 102);;Português / Inglês;SP;5.39
471;Machoke;(34, 102);;Inglês;NM;5.99
472;Machoke;(34, 102);;Português;NM;8.9
473;Machoke;(34, 102);;Português;NM;13.95
474;Machoke;(34, 102);Alterada;Português;M;18.0
475;Machoke;(34, 102);Edition One;Português;HP;25.5
476;Machoke;(34, 102);;Português;M;63.0
477;Machoke;(34, 102);Edition One;Português;SP;85.41
478;Machoke;(34, 102);Edition One;Português;M;112.68
479;Magikarp;(35, 102);;Português;HP;0.94
480;Magikarp;(35, 102);;Português;D;1.9
481;Magikarp;(35, 102);;Português;D;1.9
482;Magikarp;(35, 102);;Português;HP;2.3
483;Magikarp;(35, 102);;Português;MP;2.5
484;Magikarp;(35, 102);;Italiano;NM;3.9
485;Magikarp;(35, 102);;Inglês;HP;4.3
486;Magikarp;(35, 102);;Inglês;MP;4.5
487;Magikarp;(35, 102);;Português;MP;5.0
488;Magikarp;(35, 102);;Português;MP;5.9
489;Magikarp;(35, 102);;Português;MP;9.99
490;Magikarp;(35, 102);;Português;SP;14.31
491;Magikarp;(35, 102);;Português;MP;14.99
492;Magikarp;(35, 102);;Português;SP;19.9
493;Magikarp;(35, 102);;Inglês;SP;19.99
494;Magikarp;(35, 102);;Português;SP;19.99
495;Magikarp;(35, 102);;Português;SP;19.99
496;Magikarp;(35, 102);;Inglês;SP;19.99
497;Magikarp;(35, 102);Shadowless;Inglês;D;24.5
498;Magikarp;(35, 102);;Português;NM;32.39
499;Magikarp;(35, 102);Shadowless;Inglês;HP;39.5
500;Magikarp;(35, 102);;Japonês;HP;39.99
501;Magikarp;(35, 102);;Português;NM;44.91
502;Magikarp;(35, 102);Edition One;Português;D;49.9
503;Magikarp;(35, 102);Edition One;Português;HP;55.0
504;Magikarp;(35, 102);;Português;M;72.0
505;Magikarp;(35, 102);Edition One;Português;MP;150.0
506;Magikarp;(35, 102);Edition One;Português;M;225.0
507;Magikarp;(35, 102);Edition One;Português;NM;380.0
508;Magmar;(36, 102);;Português;D;0.7
509;Magmar;(36, 102);;Português;D;1.9
510;Magmar;(36, 102);;Português;HP;1.9
511;Magmar;(36, 102);;Português;MP;2.0
512;Magmar;(36, 102);;Português;HP;2.3
513;Magmar;(36, 102);;Português;MP;2.5
514;Magmar;(36, 102);;Português;HP;2.99
515;Magmar;(36, 102);;Português;SP;4.5
516;Magmar;(36, 102);;Português;MP;7.9
517;Magmar;(36, 102);;Português;SP;9.99
518;Magmar;(36, 102);;Inglês;SP;13.95
519;Magmar;(36, 102);;Japonês;NM;20.25
520;Magmar;(36, 102);Edition One;Português;HP;34.9
521;Magmar;(36, 102);Edition One;Português;MP;39.5
522;Magmar;(36, 102);Shadowless;Inglês;D;39.5
523;Magmar;(36, 102);Edition One;Português;HP;39.9
524;Magmar;(36, 102);;Português;M;72.0
525;Magmar;(36, 102);Edition One;Português;NM;119.9
526;Nidorino;(37, 102);;Português;MP;0.51
527;Nidorino;(37, 102);;Inglês;SP;0.85
528;Nidorino;(37, 102);;Português;MP;2.69
529;Nidorino;(37, 102);;Português;MP;5.98
530;Nidorino;(37, 102);;Português;SP;8.9
531;Nidorino;(37, 102);Edition One;Português;HP;14.9
532;Nidorino;(37, 102);;;N/A;17.09
533;Nidorino;(37, 102);;Português / Inglês;M;17.91
534;Nidorino;(37, 102);;Inglês;NM;24.9
535;Nidorino;(37, 102);;Inglês;M;26.91
536;Nidorino;(37, 102);Shadowless;Inglês;HP;39.5
537;Poliwhirl;(38, 102);;Português;HP;1.02
538;Poliwhirl;(38, 102);;Português;D;1.9
539;Poliwhirl;(38, 102);;Inglês;D;1.9
540;Poliwhirl;(38, 102);;Português;HP;1.98
541;Poliwhirl;(38, 102);;Português / Inglês;MP;2.0
542;Poliwhirl;(38, 102);;Português / Inglês;SP;2.0
543;Poliwhirl;(38, 102);;Português;HP;2.3
544;Poliwhirl;(38, 102);;Português;MP;2.47
545;Poliwhirl;(38, 102);;Português;MP;2.5
546;Poliwhirl;(38, 102);;Inglês;D;3.9
547;Poliwhirl;(38, 102);;Inglês;SP;4.1
548;Poliwhirl;(38, 102);;Inglês;SP;4.25
549;Poliwhirl;(38, 102);;Inglês;HP;4.3
550;Poliwhirl;(38, 102);;Inglês;MP;4.5
551;Poliwhirl;(38, 102);;Inglês;SP;4.7
552;Poliwhirl;(38, 102);;Português;MP;4.99
553;Poliwhirl;(38, 102);;Português;MP;5.99
554;Poliwhirl;(38, 102);;Português;MP;6.98
555;Poliwhirl;(38, 102);;Inglês;SP;7.65
556;Poliwhirl;(38, 102);;Português;SP;8.98
557;Poliwhirl;(38, 102);Edition One;Português;MP;8.99
558;Poliwhirl;(38, 102);;Inglês;SP;9.99
559;Poliwhirl;(38, 102);;Português;SP;9.99
560;Poliwhirl;(38, 102);;Português;SP;9.99
561;Poliwhirl;(38, 102);Edition One;Português;SP;10.0
562;Poliwhirl;(38, 102);Edition One;Português;SP;10.0
563;Poliwhirl;(38, 102);;Português;SP;10.79
564;Poliwhirl;(38, 102);;Português;NM;17.91
565;Poliwhirl;(38, 102);;Português;NM;19.98
566;Poliwhirl;(38, 102);Shadowless;Inglês;HP;49.5
567;Poliwhirl;(38, 102);;Português;M;59.39
568;Poliwhirl;(38, 102);;Inglês;M;67.5
569;Seel;(41, 102);;Inglês;D;0.47
570;Seel;(41, 102);;Português;HP;0.71
571;Seel;(41, 102);;Português;MP;0.79
572;Seel;(41, 102);;Português;HP;1.0
573;Seel;(41, 102);;Português;SP;1.0
574;Seel;(41, 102);;Português;MP;1.5
575;Seel;(41, 102);;Português;D;1.9
576;Seel;(41, 102);;Português;SP;2.0
577;Seel;(41, 102);;Inglês;SP;2.0
578;Seel;(41, 102);;Português / Inglês;MP;2.25
579;Seel;(41, 102);;Português;HP;2.3
580;Seel;(41, 102);;Português;MP;2.5
581;Seel;(41, 102);;Inglês;D;2.9
582;Seel;(41, 102);;Inglês;HP;3.3
583;Seel;(41, 102);;Inglês;MP;3.5
584;Seel;(41, 102);;Português;MP;3.99
585;Seel;(41, 102);;Inglês;MP;3.99
586;Seel;(41, 102);;Inglês;SP;4.99
587;Seel;(41, 102);;Português;SP;8.99
588;Seel;(41, 102);;Português;MP;9.98
589;Seel;(41, 102);;Português / Inglês;SP;10.35
590;Seel;(41, 102);Shadowless;Inglês;HP;12.5
591;Seel;(41, 102);;Inglês;SP;12.9
592;Seel;(41, 102);Edition One;Português / Inglês;SP;38.25
593;Seel;(41, 102);Edition One;Português;MP;43.61
594;Seel;(41, 102);;Inglês;NM;49.5
595;Seel;(41, 102);;Português;M;
596;Seel;(41, 102);Shadowless;Inglês;SP;59.5
597;Seel;(41, 102);Edition One;Português;SP;72.11
598;Seel;(41, 102);Edition One;Português;M;112.5
599;Seel;(41, 102);Shadowless;Inglês;NM;450.0
600;Abra;(43, 102);;Português;HP;0.1
601;Abra;(43, 102);;Inglês;HP;0.1
602;Abra;(43, 102);;Português;D;0.1
603;Abra;(43, 102);;Português / Inglês;HP;0.4
604;Abra;(43, 102);;Português;MP;0.5
605;Abra;(43, 102);;Inglês;MP;0.5
606;Abra;(43, 102);;Inglês;D;0.5
607;Abra;(43, 102);;Português;MP;0.5
608;Abra;(43, 102);;Português;MP;0.85
609;Abra;(43, 102);;Português;HP;0.9
610;Abra;(43, 102);;Inglês;HP;0.9
611;Abra;(43, 102);;Português;HP;0.99
612;Abra;(43, 102);;Português;MP;1.0
613;Abra;(43, 102);;Português;MP;1.0
614;Abra;(43, 102);;Português;SP;1.2
615;Abra;(43, 102);;Português;SP;1.25
616;Abra;(43, 102);;Inglês;SP;1.28
617;Abra;(43, 102);;Português;HP;1.3
618;Abra;(43, 102);;Inglês;MP;1.4
619;Abra;(43, 102);;Português;MP;1.5
620;Abra;(43, 102);Edition One;Português;D;1.7
621;Abra;(43, 102);;Inglês;HP;3.3
622;Abra;(43, 102);;Inglês;MP;3.5
623;Abra;(43, 102);;Português / Inglês;MP;4.0
624;Abra;(43, 102);;Português;MP;4.99
625;Abra;(43, 102);;Português;SP;9.9
626;Abra;(43, 102);;Português;SP;9.99
627;Abra;(43, 102);;Inglês;NM;13.95
628;Abra;(43, 102);;Português;NM;15.9
629;Abra;(43, 102);Shadowless;Inglês;HP;19.5
630;Abra;(43, 102);Edition One;Português;D;19.9
631;Abra;(43, 102);Edition One;Português;MP;21.25
632;Abra;(43, 102);Edition One;Português;HP;23.9
633;Abra;(43, 102);;Inglês;M;26.91
634;Abra;(43, 102);;Português;M;26.91
635;Abra;(43, 102);;Inglês;M;32.39
636;Abra;(43, 102);Edition One;Português;SP;46.75
637;Abra;(43, 102);Edition One;Português;M;112.5
638;Abra;(43, 102);Edition One;Português;M;135.0
639;Bulbasaur;(44, 102);;Português / Inglês;D;0.14
640;Bulbasaur;(44, 102);;Português;D;0.25
641;Bulbasaur;(44, 102);;Português;D;0.25
642;Bulbasaur;(44, 102);;Português;D;0.26
643;Bulbasaur;(44, 102);;Português / Inglês;HP;0.34
644;Bulbasaur;(44, 102);;Português;HP;0.45
645;Bulbasaur;(44, 102);;Português;D;0.5
646;Bulbasaur;(44, 102);;Português;HP;0.53
647;Bulbasaur;(44, 102);;Inglês;MP;0.85
648;Bulbasaur;(44, 102);;Português;MP;1.0
649;Bulbasaur;(44, 102);;Português;HP;1.3
650;Bulbasaur;(44, 102);;Português;MP;1.49
651;Bulbasaur;(44, 102);;Português;MP;1.5
652;Bulbasaur;(44, 102);;Português;SP;1.7
653;Bulbasaur;(44, 102);;Português;SP;1.7
654;Bulbasaur;(44, 102);;Português;MP;1.9
655;Bulbasaur;(44, 102);;Português / Inglês;MP;2.0
656;Bulbasaur;(44, 102);;Português / Inglês;MP;2.0
657;Bulbasaur;(44, 102);;Português;SP;2.5
658;Bulbasaur;(44, 102);;Inglês;SP;2.55
659;Bulbasaur;(44, 102);;Português;MP;2.69
660;Bulbasaur;(44, 102);;Inglês;D;3.9
661;Bulbasaur;(44, 102);;Português;HP;3.98
662;Bulbasaur;(44, 102);;Português;MP;4.05
663;Bulbasaur;(44, 102);;Inglês;HP;4.3
664;Bulbasaur;(44, 102);;Português;MP;5.39
665;Bulbasaur;(44, 102);;Português;SP;11.69
666;Bulbasaur;(44, 102);;Português;SP;17.09
667;Bulbasaur;(44, 102);;Português;MP;19.9
668;Bulbasaur;(44, 102);;Japonês;MP;19.9
669;Bulbasaur;(44, 102);;Português / Inglês;NM;25.2
670;Bulbasaur;(44, 102);Edition One;Português;D;26.78
671;Bulbasaur;(44, 102);Edition One;Português;MP;29.0
672;Bulbasaur;(44, 102);;Português;SP;29.9
673;Bulbasaur;(44, 102);;Inglês;SP;29.9
674;Bulbasaur;(44, 102);;Português;NM;39.98
675;Bulbasaur;(44, 102);;Português;M;72.0
676;Bulbasaur;(44, 102);Edition One;Português;MP;78.9
677;Bulbasaur;(44, 102);Edition One;Português;HP;99.9
678;Bulbasaur;(44, 102);Edition One;Português;MP;105.9
679;Bulbasaur;(44, 102);Edition One;Português;SP;117.9
680;Bulbasaur;(44, 102);Edition One;Português;SP;119.9
681;Bulbasaur;(44, 102);Edition One;Português;SP;233.61
682;Caterpie;(45, 102);;Inglês;D;0.17
683;Caterpie;(45, 102);Alterada;Inglês;NM;0.32
684;Caterpie;(45, 102);;Inglês;SP;0.43
685;Caterpie;(45, 102);;Português;MP;0.5
686;Caterpie;(45, 102);;Inglês;MP;0.75
687;Caterpie;(45, 102);;Português;D;0.9
688;Caterpie;(45, 102);;Português;MP;1.0
689;Caterpie;(45, 102);;Português;HP;1.3
690;Caterpie;(45, 102);;Português;MP;1.5
691;Caterpie;(45, 102);;Inglês;D;1.9
692;Caterpie;(45, 102);;Português / Inglês;MP;2.0
693;Caterpie;(45, 102);;Inglês;MP;2.5
694;Caterpie;(45, 102);;Inglês;SP;2.7
695;Caterpie;(45, 102);;Português;HP;2.98
696;Caterpie;(45, 102);;Português;MP;3.98
697;Caterpie;(45, 102);;Português;SP;4.98
698;Caterpie;(45, 102);;Japonês;NM;8.09
699;Caterpie;(45, 102);Edition One;Português;HP;9.9
700;Caterpie;(45, 102);;Português;SP;9.99
701;Caterpie;(45, 102);;Português;NM;11.9
702;Caterpie;(45, 102);Edition One;Português;SP;12.5
703;Caterpie;(45, 102);;Português / Inglês;NM;14.31
704;Caterpie;(45, 102);;Português;NM;19.9
705;Caterpie;(45, 102);;Português / Inglês;M;23.39
706;Caterpie;(45, 102);Edition One;Português;SP;24.9
707;Caterpie;(45, 102);;Inglês;NM;25.9
708;Caterpie;(45, 102);Edition One;Português;MP;30.0
709;Caterpie;(45, 102);;Português;M;44.91
710;Caterpie;(45, 102);;Inglês;M;45.81
711;Caterpie;(45, 102);Edition One;Português;MP;49.9
712;Caterpie;(45, 102);Edition One;Português;SP;69.9
713;Caterpie;(45, 102);Edition One;Português;SP;109.5
714;Caterpie;(45, 102);Edition One;Português;NM;119.9
715;Caterpie;(45, 102);Edition One;Português;SP;129.11
716;Charmander;(46, 102);;Português / Inglês;D;0.21
717;Charmander;(46, 102);;Inglês;D;0.25
718;Charmander;(46, 102);;Português;D;0.25
719;Charmander;(46, 102);;Português;D;0.25
720;Charmander;(46, 102);;Português;D;0.35
721;Charmander;(46, 102);;Português / Inglês;HP;0.4
722;Charmander;(46, 102);;Português;HP;0.4
723;Charmander;(46, 102);;Português;HP;0.45
724;Charmander;(46, 102);;Português;D;0.47
725;Charmander;(46, 102);;Português;MP;0.5
726;Charmander;(46, 102);;Português;MP;0.5
727;Charmander;(46, 102);;Português;HP;0.71
728;Charmander;(46, 102);;Português / Inglês;HP;0.75
729;Charmander;(46, 102);;Português;MP;1.37
730;Charmander;(46, 102);;Português;HP;1.39
731;Charmander;(46, 102);;Português;D;1.9
732;Charmander;(46, 102);;Inglês;MP;1.98
733;Charmander;(46, 102);;Português;MP;1.99
734;Charmander;(46, 102);;Português;HP;2.3
735;Charmander;(46, 102);;Português;SP;2.3
736;Charmander;(46, 102);;Português;SP;2.39
737;Charmander;(46, 102);;Português;MP;2.5
738;Charmander;(46, 102);;Português;HP;2.5
739;Charmander;(46, 102);;Português;SP;2.7
740;Charmander;(46, 102);;Inglês;MP;2.99
741;Charmander;(46, 102);;Inglês;SP;3.4
742;Charmander;(46, 102);;Inglês;D;3.9
743;Charmander;(46, 102);;Português;HP;3.98
744;Charmander;(46, 102);;Português;MP;4.5
745;Charmander;(46, 102);;Português;SP;5.5
746;Charmander;(46, 102);;Inglês;MP;5.5
747;Charmander;(46, 102);;Inglês;HP;5.9
748;Charmander;(46, 102);;Inglês;SP;7.19
749;Charmander;(46, 102);;Português;MP;7.99
750;Charmander;(46, 102);;Inglês;MP;7.99
751;Charmander;(46, 102);;Inglês;MP;8.9
752;Charmander;(46, 102);;Português;NM;8.9
753;Charmander;(46, 102);;Português;NM;8.9
754;Charmander;(46, 102);;Português;SP;8.99
755;Charmander;(46, 102);;Português;SP;11.99
756;Charmander;(46, 102);;Português;SP;12.9
757;Charmander;(46, 102);;Inglês;SP;19.9
758;Charmander;(46, 102);;Italiano;M;26.91
759;Charmander;(46, 102);;Português / Inglês;NM;26.91
760;Charmander;(46, 102);;Português;SP;29.9
761;Charmander;(46, 102);;Português;SP;29.91
762;Charmander;(46, 102);;Italiano;M;41.39
763;Charmander;(46, 102);;Português;NM;45.9
764;Charmander;(46, 102);;Português;NM;49.9
765;Charmander;(46, 102);;Português;NM;49.95
766;Charmander;(46, 102);;Inglês;NM;79.99
767;Charmander;(46, 102);;Italiano;M;81.0
768;Charmander;(46, 102);Edition One;Português;MP;85.0
769;Charmander;(46, 102);Shadowless;Inglês;HP;99.5
770;Charmander;(46, 102);;Português;M;108.0
771;Charmander;(46, 102);Edition One;Português;M;225.0
772;Diglett;(47, 102);;Português;D;0.1
773;Diglett;(47, 102);;Inglês;D;0.15
774;Diglett;(47, 102);;Português;D;0.15
775;Diglett;(47, 102);;Português / Inglês;HP;0.17
776;Diglett;(47, 102);;Português / Inglês;MP;0.2
777;Diglett;(47, 102);;Português;D;0.2
778;Diglett;(47, 102);;Português;HP;0.25
779;Diglett;(47, 102);;Português;MP;0.25
780;Diglett;(47, 102);;Português;MP;0.35
781;Diglett;(47, 102);;Português;D;0.35
782;Diglett;(47, 102);;Inglês;D;0.35
783;Diglett;(47, 102);;Português;HP;0.4
784;Diglett;(47, 102);;Inglês;HP;0.4
785;Diglett;(47, 102);;Português;MP;0.4
786;Diglett;(47, 102);;Português;HP;0.45
787;Diglett;(47, 102);;Português;HP;0.5
788;Diglett;(47, 102);;Português;MP;0.5
789;Diglett;(47, 102);;Inglês;MP;0.5
790;Diglett;(47, 102);;Português;HP;0.51
791;Diglett;(47, 102);;Português;MP;0.63
792;Diglett;(47, 102);;Inglês;MP;0.63
793;Diglett;(47, 102);;Português;D;0.9
794;Diglett;(47, 102);;Português;D;0.9
795;Diglett;(47, 102);;Inglês;SP;0.95
796;Diglett;(47, 102);;Português;MP;0.98
797;Diglett;(47, 102);;Inglês;MP;0.98
798;Diglett;(47, 102);;Português;SP;0.99
799;Diglett;(47, 102);;Português;HP;1.0
800;Diglett;(47, 102);;Português;MP;1.13
801;Diglett;(47, 102);;Português;HP;1.3
802;Diglett;(47, 102);;Inglês;SP;1.49
803;Diglett;(47, 102);;Português;MP;1.5
804;Diglett;(47, 102);;Português;SP;1.7
805;Diglett;(47, 102);;Inglês;D;1.9
806;Diglett;(47, 102);;Português;SP;2.0
807;Diglett;(47, 102);;Inglês;MP;2.0
808;Diglett;(47, 102);;Português / Inglês;SP;2.25
809;Diglett;(47, 102);;Inglês;HP;2.3
810;Diglett;(47, 102);;Inglês;MP;2.5
811;Diglett;(47, 102);;Inglês;SP;2.7
812;Diglett;(47, 102);;Português;MP;3.0
813;Diglett;(47, 102);;Português;SP;3.98
814;Diglett;(47, 102);;Português;SP;3.98
815;Diglett;(47, 102);;Inglês;SP;3.98
816;Diglett;(47, 102);;Português;NM;7.98
817;Diglett;(47, 102);;Inglês;NM;7.98
818;Diglett;(47, 102);;Português;NM;13.95
819;Diglett;(47, 102);Edition One;Português;D;16.9
820;Diglett;(47, 102);;Português;NM;19.9
821;Diglett;(47, 102);;Português;M;23.39
822;Diglett;(47, 102);;Inglês;M;26.91
823;Diglett;(47, 102);;Português;M;31.5
824;Diglett;(47, 102);;Inglês;M;40.5
825;Diglett;(47, 102);Edition One;Português;SP;59.9
826;Diglett;(47, 102);Edition One;Português;SP;65.46
827;Diglett;(47, 102);Edition One;Português;M;67.5
828;Diglett;(47, 102);Edition One;Português;NM;78.9
829;Diglett;(47, 102);Edition One;Português;M;80.1
830;Drowzee;(49, 102);;Português;D;0.17
831;Drowzee;(49, 102);;Inglês;MP;0.2
832;Drowzee;(49, 102);;Português;MP;0.3
833;Drowzee;(49, 102);;Português;SP;0.4
834;Drowzee;(49, 102);;Inglês;SP;0.5
835;Drowzee;(49, 102);;Português;HP;0.51
836;Drowzee;(49, 102);;Português / Inglês;MP;0.77
837;Drowzee;(49, 102);;Português;D;0.9
838;Drowzee;(49, 102);;Português;MP;0.98
839;Drowzee;(49, 102);;Inglês;MP;0.98
840;Drowzee;(49, 102);;Português;MP;1.0
841;Drowzee;(49, 102);;Português;HP;1.0
842;Drowzee;(49, 102);;Português;SP;1.0
843;Drowzee;(49, 102);;Português;HP;1.3
844;Drowzee;(49, 102);;Português;MP;1.5
845;Drowzee;(49, 102);;Inglês;D;1.9
846;Drowzee;(49, 102);;Inglês;SP;2.3
847;Drowzee;(49, 102);;Inglês;MP;2.5
848;Drowzee;(49, 102);;Português;SP;2.98
849;Drowzee;(49, 102);;Inglês;SP;2.98
850;Drowzee;(49, 102);;Português;MP;2.99
851;Drowzee;(49, 102);;Português;MP;4.0
852;Drowzee;(49, 102);;Português;SP;4.99
853;Drowzee;(49, 102);;Inglês;SP;4.99
854;Drowzee;(49, 102);;Português / Inglês;SP;6.29
855;Drowzee;(49, 102);;Português;SP;8.09
856;Drowzee;(49, 102);;Português;NM;9.98
857;Drowzee;(49, 102);Shadowless;Inglês;HP;12.5
858;Drowzee;(49, 102);;Português / Inglês;NM;14.31
859;Drowzee;(49, 102);;Inglês;NM;23.39
860;Drowzee;(49, 102);;Português;NM;26.91
861;Drowzee;(49, 102);Edition One;Português;MP;34.0
862;Drowzee;(49, 102);;Português;M;36.0
863;Drowzee;(49, 102);;Inglês;M;54.0
864;Drowzee;(49, 102);Edition One;Português;SP;89.9
865;Drowzee;(49, 102);Edition One;Português;M;90.0
866;Drowzee;(49, 102);Edition One;Português;NM;119.9
867;Drowzee;(49, 102);Edition One;Português;M;135.0
868;Gastly;(50, 102);;Português;D;0.1
869;Gastly;(50, 102);;Português;HP;0.15
870;Gastly;(50, 102);;Português;HP;0.17
871;Gastly;(50, 102);;Português;MP;0.2
872;Gastly;(50, 102);;Português;D;0.31
873;Gastly;(50, 102);;Português;MP;0.4
874;Gastly;(50, 102);;Português;MP;0.45
875;Gastly;(50, 102);;Português;HP;0.5
876;Gastly;(50, 102);;Português;D;0.9
877;Gastly;(50, 102);;Português;MP;0.98
878;Gastly;(50, 102);;Português;HP;1.3
879;Gastly;(50, 102);;Português;MP;1.5
880;Gastly;(50, 102);;Português;MP;1.5
881;Gastly;(50, 102);;Português;MP;2.0
882;Gastly;(50, 102);;Inglês;HP;2.3
883;Gastly;(50, 102);;Inglês;SP;2.7
884;Gastly;(50, 102);;Português;SP;4.95
885;Gastly;(50, 102);;Português;SP;5.98
886;Gastly;(50, 102);;Português / Inglês;SP;7.19
887;Gastly;(50, 102);;Inglês;MP;7.99
888;Gastly;(50, 102);;Português;MP;7.99
889;Gastly;(50, 102);;Português;SP;8.01
890;Gastly;(50, 102);;Português;NM;9.98
891;Gastly;(50, 102);;Português;SP;9.99
892;Gastly;(50, 102);;Inglês;SP;9.99
893;Gastly;(50, 102);Edition One;Português;HP;11.9
894;Gastly;(50, 102);Edition One;Português;MP;12.9
895;Gastly;(50, 102);;Português;NM;13.95
896;Gastly;(50, 102);;Português / Inglês;NM;14.31
897;Gastly;(50, 102);;Inglês;SP;25.9
898;Gastly;(50, 102);;Português;M;49.95
899;Koffing;(51, 102);;Português;D;0.15
900;Koffing;(51, 102);;Português;D;0.2
901;Koffing;(51, 102);;Português;HP;0.23
902;Koffing;(51, 102);;Inglês;HP;0.34
903;Koffing;(51, 102);Edition One;Português;HP;0.41
904;Koffing;(51, 102);;Inglês;MP;0.43
905;Koffing;(51, 102);;Português;HP;0.51
906;Koffing;(51, 102);;Português;D;0.9
907;Koffing;(51, 102);;Português;HP;0.98
908;Koffing;(51, 102);;Inglês;SP;1.0
909;Koffing;(51, 102);;Português;SP;1.0
910;Koffing;(51, 102);;Inglês;MP;1.13
911;Koffing;(51, 102);;Português;HP;1.3
912;Koffing;(51, 102);;Português;MP;1.5
913;Koffing;(51, 102);;Português;SP;1.7
914;Koffing;(51, 102);;Português;MP;1.98
915;Koffing;(51, 102);;Inglês;MP;1.98
916;Koffing;(51, 102);;Português / Inglês;SP;2.25
917;Koffing;(51, 102);;Inglês;HP;2.3
918;Koffing;(51, 102);;Inglês;NM;2.34
919;Koffing;(51, 102);;Inglês;MP;2.5
920;Koffing;(51, 102);;Inglês;SP;2.55
921;Koffing;(51, 102);;Português / Inglês;SP;2.69
922;Koffing;(51, 102);;Inglês;SP;2.7
923;Koffing;(51, 102);;Português;SP;3.98
924;Koffing;(51, 102);;Inglês;SP;3.98
925;Koffing;(51, 102);;Português;NM;5.98
926;Koffing;(51, 102);;Inglês;NM;5.98
927;Koffing;(51, 102);;Português;NM;6.75
928;Koffing;(51, 102);;Português / Inglês;NM;8.99
929;Koffing;(51, 102);;Inglês;SP;12.99
930;Koffing;(51, 102);Edition One;Português;D;17.9
931;Koffing;(51, 102);;Português;M;17.99
932;Koffing;(51, 102);;Japonês;SP;19.99
933;Koffing;(51, 102);;Inglês;M;26.91
934;Koffing;(51, 102);;Português;M;31.5
935;Koffing;(51, 102);Edition One;Português;SP;35.9
936;Koffing;(51, 102);Edition One;Português;NM;38.9
937;Koffing;(51, 102);Edition One;Português;NM;39.9
938;Koffing;(51, 102);;Inglês;M;45.0
939;Koffing;(51, 102);Edition One;Português;SP;79.0
940;Machop;(52, 102);;Português;HP;0.09
941;Machop;(52, 102);;Português;HP;0.1
942;Machop;(52, 102);;Português;MP;0.13
943;Machop;(52, 102);;Português;D;0.14
944;Machop;(52, 102);;Inglês;HP;0.15
945;Machop;(52, 102);;Português;MP;0.2
946;Machop;(52, 102);;Inglês;HP;0.2
947;Machop;(52, 102);;Português;MP;0.2
948;Machop;(52, 102);;Português;D;0.23
949;Machop;(52, 102);;Inglês;MP;0.3
950;Machop;(52, 102);;Inglês;SP;0.43
951;Machop;(52, 102);;Português;HP;0.45
952;Machop;(52, 102);;Português / Inglês;NM;0.49
953;Machop;(52, 102);;Inglês;SP;0.5
954;Machop;(52, 102);;Português;HP;0.5
955;Machop;(52, 102);;Português;HP;0.51
956;Machop;(52, 102);;Inglês;HP;0.51
957;Machop;(52, 102);;Português;MP;0.63
958;Machop;(52, 102);;Inglês;MP;0.63
959;Machop;(52, 102);;Português;MP;0.68
960;Machop;(52, 102);;Português;D;0.9
961;Machop;(52, 102);;Português;HP;0.98
962;Machop;(52, 102);;Português;MP;1.0
963;Machop;(52, 102);;Português;MP;1.0
964;Machop;(52, 102);;Inglês;MP;1.0
965;Machop;(52, 102);;Português / Inglês;SP;1.06
966;Machop;(52, 102);;Português / Inglês;MP;1.08
967;Machop;(52, 102);;Português;HP;1.3
968;Machop;(52, 102);;Português;MP;1.5
969;Machop;(52, 102);;Português;SP;1.7
970;Machop;(52, 102);;Português / Inglês;SP;1.79
971;Machop;(52, 102);;Alemão;SP;1.98
972;Machop;(52, 102);;Português;MP;1.98
973;Machop;(52, 102);;Inglês;MP;1.98
974;Machop;(52, 102);;Português / Inglês;MP;1.98
975;Machop;(52, 102);;Português;MP;2.0
976;Machop;(52, 102);;Inglês;HP;2.3
977;Machop;(52, 102);;Inglês;MP;2.5
978;Machop;(52, 102);;Inglês;SP;2.7
979;Machop;(52, 102);;Português / Inglês;SP;3.59
980;Machop;(52, 102);;Inglês;SP;3.59
981;Machop;(52, 102);;Português;MP;3.99
982;Machop;(52, 102);;Português;SP;4.9
983;Machop;(52, 102);;Inglês;SP;4.9
984;Machop;(52, 102);;Português;SP;4.99
985;Machop;(52, 102);;Inglês;SP;4.99
986;Machop;(52, 102);Edition One;Português;HP;7.0
987;Machop;(52, 102);Edition One;Português;HP;7.0
988;Machop;(52, 102);Shadowless;Inglês;MP;7.5
989;Machop;(52, 102);;Português / Inglês;NM;8.09
990;Machop;(52, 102);Shadowless;Inglês;MP;9.5
991;Machop;(52, 102);;Português;NM;9.9
992;Machop;(52, 102);;Português;SP;9.9
993;Machop;(52, 102);;Português;NM;9.98
994;Machop;(52, 102);;Português;NM;11.25
995;Machop;(52, 102);Edition One;Português;MP;12.9
996;Machop;(52, 102);Edition One;Português;SP;15.0
997;Machop;(52, 102);;Inglês;NM;25.9
998;Machop;(52, 102);;Inglês;M;35.91
999;Machop;(52, 102);Edition One;Português;M;49.9
1000;Machop;(52, 102);Edition One;Português;SP;58.9
1001;Magnemite;(53, 102);;Português;D;0.2
1002;Magnemite;(53, 102);;Português / Inglês;HP;0.23
1003;Magnemite;(53, 102);;Português;MP;0.4
1004;Magnemite;(53, 102);;Português / Inglês;SP;0.5
1005;Magnemite;(53, 102);;Português;HP;0.51
1006;Magnemite;(53, 102);;Português;MP;0.53
1007;Magnemite;(53, 102);;Português;D;0.9
1008;Magnemite;(53, 102);;Português;SP;0.9
1009;Magnemite;(53, 102);;Inglês;NM;1.0
1010;Magnemite;(53, 102);;Inglês;SP;1.08
1011;Magnemite;(53, 102);;Português;HP;1.3
1012;Magnemite;(53, 102);;Português;MP;1.5
1013;Magnemite;(53, 102);;Português;SP;1.7
1014;Magnemite;(53, 102);;Português;MP;1.79
1015;Magnemite;(53, 102);;Inglês;D;1.9
1016;Magnemite;(53, 102);;Português;HP;1.98
1017;Magnemite;(53, 102);;Português / Inglês;MP;2.0
1018;Magnemite;(53, 102);;Inglês;HP;2.3
1019;Magnemite;(53, 102);;Inglês;MP;2.5
1020;Magnemite;(53, 102);;Inglês;SP;2.7
1021;Magnemite;(53, 102);;Português;SP;3.59
1022;Magnemite;(53, 102);;Português;SP;4.49
1023;Magnemite;(53, 102);;Português;MP;4.9
1024;Magnemite;(53, 102);;Inglês;MP;4.9
1025;Magnemite;(53, 102);;Português;SP;7.9
1026;Magnemite;(53, 102);;Português;NM;9.89
1027;Magnemite;(53, 102);;Português;NM;11.69
1028;Magnemite;(53, 102);;Inglês;NM;14.39
1029;Magnemite;(53, 102);Edition One;Português;D;20.0
1030;Magnemite;(53, 102);;Português;M;23.39
1031;Magnemite;(53, 102);;Português;NM;25.9
1032;Magnemite;(53, 102);;Inglês;M;35.91
1033;Magnemite;(53, 102);Edition One;Português;MP;49.0
1034;Magnemite;(53, 102);;Português;M;59.39
1035;Magnemite;(53, 102);Edition One;Português;NM;59.9
1036;Magnemite;(53, 102);;Português;M;62.91
1037;Magnemite;(53, 102);Edition One;Português;HP;69.9
1038;Magnemite;(53, 102);;Inglês;M;72.0
1039;Magnemite;(53, 102);Edition One;Português;SP;79.0
1040;Magnemite;(53, 102);Edition One;Português;M;81.0
1041;Magnemite;(53, 102);Edition One;Português;M;119.9
1042;Magnemite;(53, 102);Edition One;Português;M;135.0
1043;Metapod;(54, 102);;Português;HP;0.23
1044;Metapod;(54, 102);;Português;D;0.25
1045;Metapod;(54, 102);;Português;HP;0.5
1046;Metapod;(54, 102);;Inglês;SP;0.75
1047;Metapod;(54, 102);;Português;MP;1.0
1048;Metapod;(54, 102);;Português;HP;1.3
1049;Metapod;(54, 102);;Português;MP;1.5
1050;Metapod;(54, 102);;Inglês;SP;2.5
1051;Metapod;(54, 102);;Inglês;MP;2.5
1052;Metapod;(54, 102);;Inglês;HP;2.5
1053;Metapod;(54, 102);;Português;SP;5.31
1054;Metapod;(54, 102);Edition One;Português;D;7.9
1055;Metapod;(54, 102);;Português;NM;7.98
1056;Metapod;(54, 102);Edition One;Português;HP;8.9
1057;Metapod;(54, 102);;Português;SP;9.9
1058;Metapod;(54, 102);Edition One;Português;MP;9.9
1059;Metapod;(54, 102);;Inglês;SP;12.9
1060;Metapod;(54, 102);;Português / Inglês;NM;14.39
1061;Metapod;(54, 102);Edition One;Português;MP;19.9
1062;Metapod;(54, 102);Edition One;Português;SP;24.9
1063;Metapod;(54, 102);;Português;M;26.91
1064;Metapod;(54, 102);Edition One;Português;SP;39.9
1065;Metapod;(54, 102);;Português;M;45.0
1066;Metapod;(54, 102);Edition One;Português;SP;66.41
1067;Metapod;(54, 102);Edition One;Português;NM;78.9
1068;Nidoran Macho;(55, 102);;Português;D;0.15
1069;Nidoran Macho;(55, 102);;Inglês;D;0.15
1070;Nidoran Macho;(55, 102);;Português / Inglês;HP;0.17
1071;Nidoran Macho;(55, 102);;Inglês;HP;0.2
1072;Nidoran Macho;(55, 102);;Português;MP;0.21
1073;Nidoran Macho;(55, 102);;Japonês;SP;0.3
1074;Nidoran Macho;(55, 102);;Português;MP;0.3
1075;Nidoran Macho;(55, 102);;Inglês;MP;0.3
1076;Nidoran Macho;(55, 102);;Inglês;SP;0.34
1077;Nidoran Macho;(55, 102);;Português;SP;0.5
1078;Nidoran Macho;(55, 102);;Português;SP;0.5
1079;Nidoran Macho;(55, 102);;Português;HP;0.51
1080;Nidoran Macho;(55, 102);;Português;MP;0.68
1081;Nidoran Macho;(55, 102);;Português;HP;0.98
1082;Nidoran Macho;(55, 102);;Português;HP;1.3
1083;Nidoran Macho;(55, 102);;Português;MP;1.5
1084;Nidoran Macho;(55, 102);;Português;HP;1.5
1085;Nidoran Macho;(55, 102);;Português;SP;1.7
1086;Nidoran Macho;(55, 102);;Inglês;D;1.9
1087;Nidoran Macho;(55, 102);;Português;MP;1.98
1088;Nidoran Macho;(55, 102);;Português;MP;2.0
1089;Nidoran Macho;(55, 102);;Português;SP;2.0
1090;Nidoran Macho;(55, 102);;Inglês;HP;2.3
1091;Nidoran Macho;(55, 102);;Inglês;MP;2.5
1092;Nidoran Macho;(55, 102);;Inglês;SP;2.7
1093;Nidoran Macho;(55, 102);;Português;MP;2.99
1094;Nidoran Macho;(55, 102);;Português;SP;3.98
1095;Nidoran Macho;(55, 102);;Português;SP;4.05
1096;Nidoran Macho;(55, 102);;Inglês;SP;4.49
1097;Nidoran Macho;(55, 102);;Português;NM;7.98
1098;Nidoran Macho;(55, 102);;Português;NM;8.09
1099;Nidoran Macho;(55, 102);;Português;SP;8.5
1100;Nidoran Macho;(55, 102);Edition One;Português;D;9.9
1101;Nidoran Macho;(55, 102);Edition One;Português;MP;11.9
1102;Nidoran Macho;(55, 102);Shadowless;Inglês;HP;14.5
1103;Nidoran Macho;(55, 102);;Português;M;15.29
1104;Nidoran Macho;(55, 102);;Português / Inglês;NM;17.91
1105;Nidoran Macho;(55, 102);Edition One;Português;MP;19.9
1106;Nidoran Macho;(55, 102);;Português;M;23.39
1107;Nidoran Macho;(55, 102);;Italiano;M;26.1
1108;Nidoran Macho;(55, 102);Edition One;Português;SP;30.88
1109;Nidoran Macho;(55, 102);;Inglês;M;31.5
1110;Nidoran Macho;(55, 102);Edition One;Português;SP;39.9
1111;Nidoran Macho;(55, 102);Edition One;Português;NM;79.9
1112;Onix;(56, 102);;Português;HP;0.09
1113;Onix;(56, 102);;Português;HP;0.2
1114;Onix;(56, 102);;Português;MP;0.3
1115;Onix;(56, 102);;Inglês;MP;0.3
1116;Onix;(56, 102);;Português;SP;0.5
1117;Onix;(56, 102);;Inglês;SP;0.5
1118;Onix;(56, 102);;Português;HP;0.5
1119;Onix;(56, 102);;Português;D;0.9
1120;Onix;(56, 102);;Português;HP;0.94
1121;Onix;(56, 102);;Português;HP;0.98
1122;Onix;(56, 102);;Inglês;HP;0.98
1123;Onix;(56, 102);;Espanhol;SP;1.0
1124;Onix;(56, 102);;Português;MP;1.0
1125;Onix;(56, 102);;Espanhol;HP;1.1
1126;Onix;(56, 102);;Português;HP;1.3
1127;Onix;(56, 102);;Português;MP;1.5
1128;Onix;(56, 102);;Português;MP;1.5
1129;Onix;(56, 102);;Português;MP;1.57
1130;Onix;(56, 102);;Português;SP;1.7
1131;Onix;(56, 102);;Português;SP;1.79
1132;Onix;(56, 102);;Inglês;D;1.9
1133;Onix;(56, 102);;Português;MP;1.98
1134;Onix;(56, 102);;Inglês;MP;1.98
1135;Onix;(56, 102);;Português;MP;1.99
1136;Onix;(56, 102);;Inglês;MP;2.5
1137;Onix;(56, 102);;Inglês;SP;2.7
1138;Onix;(56, 102);;Português;SP;2.99
1139;Onix;(56, 102);;Português / Inglês;SP;3.42
1140;Onix;(56, 102);;Português / Inglês;MP;5.0
1141;Onix;(56, 102);Edition One;Português;MP;5.0
1142;Onix;(56, 102);;Português;SP;5.98
1143;Onix;(56, 102);Edition One;Português;MP;8.0
1144;Onix;(56, 102);;Português;NM;8.09
1145;Onix;(56, 102);Edition One;Português;MP;9.9
1146;Onix;(56, 102);;Português;NM;9.98
1147;Onix;(56, 102);Edition One;Português;SP;15.0
1148;Onix;(56, 102);;Português / Inglês;M;17.91
1149;Onix;(56, 102);;Português;NM;17.91
1150;Onix;(56, 102);;Português;NM;26.91
1151;Onix;(56, 102);;Português;M;35.91
1152;Onix;(56, 102);Edition One;Português;SP;37.91
1153;Onix;(56, 102);;Português;M;45.0
1154;Onix;(56, 102);;Inglês;M;49.5
1155;Onix;(56, 102);Edition One;Português;SP;49.9
1156;Onix;(56, 102);;Inglês;M;58.95
1157;Pidgey;(57, 102);;Português;MP;0.14
1158;Pidgey;(57, 102);;Português;HP;0.14
1159;Pidgey;(57, 102);;Português;HP;0.17
1160;Pidgey;(57, 102);;Inglês;D;0.25
1161;Pidgey;(57, 102);;Português;HP;0.3
1162;Pidgey;(57, 102);;Português;HP;0.45
1163;Pidgey;(57, 102);;Inglês;SP;0.47
1164;Pidgey;(57, 102);;Português;HP;0.51
1165;Pidgey;(57, 102);;Português;MP;0.53
1166;Pidgey;(57, 102);;Português;SP;1.71
1167;Pidgey;(57, 102);;Português;SP;1.98
1168;Pidgey;(57, 102);;Português / Inglês;MP;2.0
1169;Pidgey;(57, 102);;Inglês;SP;2.69
1170;Pidgey;(57, 102);Edition One;Português;HP;5.0
1171;Pidgey;(57, 102);Edition One;Português;D;5.0
1172;Pidgey;(57, 102);;Português;SP;8.96
1173;Pidgey;(57, 102);Edition One;Português;HP;9.9
1174;Pidgey;(57, 102);Edition One;Português;D;10.9
1175;Pidgey;(57, 102);Edition One;Português;MP;19.9
1176;Pidgey;(57, 102);;Português;M;26.91
1177;Pidgey;(57, 102);;Inglês;M;32.39
1178;Pikachu;(58, 102);;Português;HP;0.75
1179;Pikachu;(58, 102);;Inglês;D;1.0
1180;Pikachu;(58, 102);;Português;HP;1.99
1181;Pikachu;(58, 102);;Português;HP;2.3
1182;Pikachu;(58, 102);;Português;MP;2.49
1183;Pikachu;(58, 102);;Português;MP;2.5
1184;Pikachu;(58, 102);;Português;SP;2.55
1185;Pikachu;(58, 102);;Português;SP;2.69
1186;Pikachu;(58, 102);;Português;HP;2.9
1187;Pikachu;(58, 102);;Inglês;MP;2.99
1188;Pikachu;(58, 102);;Português;MP;3.49
1189;Pikachu;(58, 102);;Inglês;SP;4.79
1190;Pikachu;(58, 102);;Português;D;4.9
1191;Pikachu;(58, 102);;Inglês;HP;5.3
1192;Pikachu;(58, 102);;Inglês;MP;5.7
1193;Pikachu;(58, 102);;Português;MP;6.9
1194;Pikachu;(58, 102);;Português;SP;7.0
1195;Pikachu;(58, 102);;Português;HP;8.9
1196;Pikachu;(58, 102);;Português;HP;9.9
1197;Pikachu;(58, 102);;Inglês;D;11.48
1198;Pikachu;(58, 102);;Português;D;11.48
1199;Pikachu;(58, 102);;Inglês;MP;12.9
1200;Pikachu;(58, 102);;Português;MP;14.9
1201;Pikachu;(58, 102);;Português;NM;14.95
1202;Pikachu;(58, 102);;Inglês;NM;25.5
1203;Pikachu;(58, 102);;Português;SP;25.9
1204;Pikachu;(58, 102);;Inglês;SP;28.41
1205;Pikachu;(58, 102);;Português;SP;28.98
1206;Pikachu;(58, 102);;Português;SP;29.9
1207;Pikachu;(58, 102);;Inglês;SP;29.9
1208;Pikachu;(58, 102);;Japonês;MP;29.9
1209;Pikachu;(58, 102);;Português;NM;38.9
1210;Pikachu;(58, 102);;Português;NM;49.9
1211;Pikachu;(58, 102);;Português;NM;62.91
1212;Pikachu;(58, 102);Edition One;Português;HP;89.9
1213;Pikachu;(58, 102);Edition One;Português;HP;119.9
1214;Pikachu;(58, 102);Edition One;Português;MP;129.9
1215;Pikachu;(58, 102);Edition One;Português;SP;129.9
1216;Pikachu;(58, 102);Edition One;Português;MP;132.91
1217;Pikachu;(58, 102);;Português;M;171.0
1218;Pikachu;(58, 102);Edition One;Português;NM;229.99
1219;Pikachu;(58, 102);Edition One;Português;SP;233.61
1220;Pikachu;(58, 102);Edition One;Português;NM;249.95
1221;Poliwag;(59, 102);;Português;D;0.16
1222;Poliwag;(59, 102);;Português / Inglês;HP;0.17
1223;Poliwag;(59, 102);;Inglês;HP;0.18
1224;Poliwag;(59, 102);;Inglês;HP;0.18
1225;Poliwag;(59, 102);;Português;HP;0.2
1226;Poliwag;(59, 102);;Português;MP;0.25
1227;Poliwag;(59, 102);;Japonês;M;0.5
1228;Poliwag;(59, 102);;Português;D;0.9
1229;Poliwag;(59, 102);;Português;NM;1.0
1230;Poliwag;(59, 102);;Inglês;SP;1.19
1231;Poliwag;(59, 102);;Português;HP;1.3
1232;Poliwag;(59, 102);;Português;MP;1.5
1233;Poliwag;(59, 102);;Inglês;NM;1.5
1234;Poliwag;(59, 102);;Português;SP;1.7
1235;Poliwag;(59, 102);;Inglês;D;1.9
1236;Poliwag;(59, 102);;Português;HP;1.98
1237;Poliwag;(59, 102);;Português;SP;2.0
1238;Poliwag;(59, 102);;Inglês;HP;2.3
1239;Poliwag;(59, 102);;Inglês;MP;2.5
1240;Poliwag;(59, 102);;Inglês;SP;2.7
1241;Poliwag;(59, 102);;Português;MP;3.9
1242;Poliwag;(59, 102);;Português;SP;3.99
1243;Poliwag;(59, 102);;Inglês;SP;3.99
1244;Poliwag;(59, 102);Edition One;Português / Inglês;D;4.25
1245;Poliwag;(59, 102);;Português;SP;4.99
1246;Poliwag;(59, 102);;Inglês;SP;5.99
1247;Poliwag;(59, 102);Edition One;Português;SP;6.0
1248;Poliwag;(59, 102);;Português / Inglês;SP;6.29
1249;Poliwag;(59, 102);Edition One;Português;SP;8.0
1250;Poliwag;(59, 102);;Inglês;SP;8.1
1251;Poliwag;(59, 102);;Português;SP;8.99
1252;Poliwag;(59, 102);Shadowless;Inglês;D;9.5
1253;Poliwag;(59, 102);;Português;SP;9.9
1254;Poliwag;(59, 102);Edition One;Português;MP;10.9
1255;Poliwag;(59, 102);Shadowless;Inglês;HP;12.5
1256;Poliwag;(59, 102);Edition One;Português;HP;12.9
1257;Poliwag;(59, 102);Edition One;Português;MP;12.9
1258;Poliwag;(59, 102);Edition One;Português;MP;13.9
1259;Poliwag;(59, 102);;Português;SP;14.39
1260;Poliwag;(59, 102);Edition One;Português;SP;14.9
1261;Poliwag;(59, 102);;Inglês;NM;17.91
1262;Poliwag;(59, 102);;Português;NM;17.91
1263;Poliwag;(59, 102);;Inglês;NM;26.91
1264;Poliwag;(59, 102);;Inglês;M;35.91
1265;Poliwag;(59, 102);;Inglês;M;53.6
1266;Poliwag;(59, 102);;Português;M;54.0
1267;Ponyta;(60, 102);;Português;D;0.09
1268;Ponyta;(60, 102);;Português;HP;0.1
1269;Ponyta;(60, 102);;Português;HP;0.15
1270;Ponyta;(60, 102);;Português;MP;0.2
1271;Ponyta;(60, 102);;Português;HP;0.25
1272;Ponyta;(60, 102);;Português;MP;0.32
1273;Ponyta;(60, 102);;Italiano;D;0.35
1274;Ponyta;(60, 102);;Português;D;0.35
1275;Ponyta;(60, 102);;Português;HP;0.4
1276;Ponyta;(60, 102);;Português;HP;0.51
1277;Ponyta;(60, 102);;Inglês;MP;0.63
1278;Ponyta;(60, 102);;Português;MP;0.63
1279;Ponyta;(60, 102);;Português;D;0.9
1280;Ponyta;(60, 102);;Português;HP;0.98
1281;Ponyta;(60, 102);;Inglês;HP;0.98
1282;Ponyta;(60, 102);;Português;NM;1.0
1283;Ponyta;(60, 102);;Português;HP;1.3
1284;Ponyta;(60, 102);;Inglês;HP;1.35
1285;Ponyta;(60, 102);;Português;MP;1.5
1286;Ponyta;(60, 102);;Português;MP;1.5
1287;Ponyta;(60, 102);;Português;SP;1.7
1288;Ponyta;(60, 102);;Português;MP;1.99
1289;Ponyta;(60, 102);;Inglês;MP;1.99
1290;Ponyta;(60, 102);;Português / Inglês;MP;2.0
1291;Ponyta;(60, 102);;Inglês;HP;2.3
1292;Ponyta;(60, 102);;Inglês;MP;2.5
1293;Ponyta;(60, 102);;Inglês;MP;2.5
1294;Ponyta;(60, 102);;Inglês;MP;2.69
1295;Ponyta;(60, 102);;Inglês;SP;2.7
1296;Ponyta;(60, 102);;Português;MP;2.98
1297;Ponyta;(60, 102);;Inglês;MP;2.98
1298;Ponyta;(60, 102);;Português / Inglês;SP;4.95
1299;Ponyta;(60, 102);;Português;SP;4.98
1300;Ponyta;(60, 102);;Inglês;SP;4.98
1301;Ponyta;(60, 102);Edition One;Português;D;6.0
1302;Ponyta;(60, 102);;Português;SP;6.5
1303;Ponyta;(60, 102);Edition One;Português;MP;8.0
1304;Ponyta;(60, 102);;Português;NM;8.09
1305;Ponyta;(60, 102);Shadowless;Inglês;D;9.5
1306;Ponyta;(60, 102);;Inglês;NM;9.9
1307;Ponyta;(60, 102);;Português;NM;9.9
1308;Ponyta;(60, 102);;Português / Inglês;NM;14.39
1309;Ponyta;(60, 102);;Japonês;M;17.91
1310;Ponyta;(60, 102);;Inglês;M;26.91
1311;Ponyta;(60, 102);Edition One;Português;SP;34.0
1312;Ponyta;(60, 102);Edition One;Português;MP;39.9
1313;Ponyta;(60, 102);Edition One;Português;SP;49.88
1314;Ponyta;(60, 102);Edition One;Português;SP;69.9
1315;Ponyta;(60, 102);Edition One;Português;M;89.9
1316;Ponyta;(60, 102);Edition One;Português;NM;98.9
1317;Rattata;(61, 102);;Português;HP;0.4
1318;Rattata;(61, 102);;Português;HP;0.45
1319;Rattata;(61, 102);;Inglês;HP;0.48
1320;Rattata;(61, 102);;Português;HP;0.48
1321;Rattata;(61, 102);;Português;HP;0.51
1322;Rattata;(61, 102);;Português;MP;0.63
1323;Rattata;(61, 102);;Inglês;MP;0.63
1324;Rattata;(61, 102);;Português;HP;0.68
1325;Rattata;(61, 102);;Português;MP;0.75
1326;Rattata;(61, 102);;Português;D;0.9
1327;Rattata;(61, 102);;Português / Inglês;MP;1.0
1328;Rattata;(61, 102);;Português / Inglês;MP;1.08
1329;Rattata;(61, 102);;Português;HP;1.3
1330;Rattata;(61, 102);;Português;MP;1.5
1331;Rattata;(61, 102);;Português;SP;1.98
1332;Rattata;(61, 102);;Português;MP;2.03
1333;Rattata;(61, 102);;Inglês;HP;2.3
1334;Rattata;(61, 102);;Inglês;MP;2.5
1335;Rattata;(61, 102);;Português;MP;2.69
1336;Rattata;(61, 102);;Inglês;SP;2.7
1337;Rattata;(61, 102);;Português;SP;2.99
1338;Rattata;(61, 102);;Inglês;SP;2.99
1339;Rattata;(61, 102);;Português;SP;4.05
1340;Rattata;(61, 102);;Português;SP;4.05
1341;Rattata;(61, 102);;Português;SP;4.95
1342;Rattata;(61, 102);;Inglês;SP;4.95
1343;Rattata;(61, 102);;Português;NM;8.09
1344;Rattata;(61, 102);;Português;NM;8.09
1345;Rattata;(61, 102);Edition One;Português;SP;8.9
1346;Rattata;(61, 102);;Português;SP;9.99
1347;Rattata;(61, 102);;Inglês;NM;11.25
1348;Rattata;(61, 102);;Inglês;NM;17.91
1349;Rattata;(61, 102);Edition One;Português;HP;69.9
1350;Rattata;(61, 102);Shadowless;Inglês;SP;76.5
1351;Rattata;(61, 102);Edition One;Português;M;80.91
1352;Sandshrew;(62, 102);;Português;HP;0.13
1353;Sandshrew;(62, 102);;Português;HP;0.2
1354;Sandshrew;(62, 102);;Inglês;HP;0.2
1355;Sandshrew;(62, 102);;Português / Inglês;HP;0.23
1356;Sandshrew;(62, 102);;Português;HP;0.25
1357;Sandshrew;(62, 102);;Português;MP;0.26
1358;Sandshrew;(62, 102);;Português;MP;0.5
1359;Sandshrew;(62, 102);;Inglês;MP;0.5
1360;Sandshrew;(62, 102);;Português;SP;0.51
1361;Sandshrew;(62, 102);;Português;HP;0.51
1362;Sandshrew;(62, 102);;Português;MP;0.63
1363;Sandshrew;(62, 102);;Inglês;SP;0.68
1364;Sandshrew;(62, 102);;Português;SP;0.71
1365;Sandshrew;(62, 102);;Japonês;M;0.8
1366;Sandshrew;(62, 102);;Inglês;D;0.8
1367;Sandshrew;(62, 102);;Português / Inglês;MP;0.89
1368;Sandshrew;(62, 102);;Português;D;0.9
1369;Sandshrew;(62, 102);;Português;MP;0.98
1370;Sandshrew;(62, 102);;Inglês;MP;0.98
1371;Sandshrew;(62, 102);;Português;HP;1.3
1372;Sandshrew;(62, 102);;Português;SP;1.7
1373;Sandshrew;(62, 102);;Inglês;D;1.9
1374;Sandshrew;(62, 102);;Português;MP;1.99
1375;Sandshrew;(62, 102);;Português / Inglês;MP;2.0
1376;Sandshrew;(62, 102);;Português / Inglês;MP;2.0
1377;Sandshrew;(62, 102);;Português / Inglês;MP;2.0
1378;Sandshrew;(62, 102);;Português / Inglês;MP;2.0
1379;Sandshrew;(62, 102);;Português / Inglês;MP;2.0
1380;Sandshrew;(62, 102);;Português / Inglês;MP;2.0
1381;Sandshrew;(62, 102);;Português / Inglês;MP;2.0
1382;Sandshrew;(62, 102);;Português / Inglês;MP;2.0
1383;Sandshrew;(62, 102);;Português / Inglês;MP;2.0
1384;Sandshrew;(62, 102);;Português / Inglês;MP;2.0
1385;Sandshrew;(62, 102);;Inglês;HP;2.3
1386;Sandshrew;(62, 102);;Português;MP;2.5
1387;Sandshrew;(62, 102);;Inglês;MP;2.5
1388;Sandshrew;(62, 102);;Inglês;SP;2.7
1389;Sandshrew;(62, 102);;Inglês;SP;2.99
1390;Sandshrew;(62, 102);;Inglês;SP;3.98
1391;Sandshrew;(62, 102);;Inglês;SP;3.98
1392;Sandshrew;(62, 102);;Português;SP;4.49
1393;Sandshrew;(62, 102);;Inglês;SP;4.95
1394;Sandshrew;(62, 102);;Português;SP;5.39
1395;Sandshrew;(62, 102);;Português;SP;6.75
1396;Sandshrew;(62, 102);;Inglês;SP;8.09
1397;Sandshrew;(62, 102);Shadowless;Inglês;D;9.5
1398;Sandshrew;(62, 102);;Português;NM;9.9
1399;Sandshrew;(62, 102);;Inglês;NM;9.98
1400;Sandshrew;(62, 102);;Português;NM;13.68
1401;Sandshrew;(62, 102);;Português;NM;19.9
1402;Sandshrew;(62, 102);;Português;M;35.55
1403;Sandshrew;(62, 102);;Inglês;M;36.0
1404;Sandshrew;(62, 102);Edition One;Português;SP;36.58
1405;Sandshrew;(62, 102);Edition One;Português;SP;59.9
1406;Sandshrew;(62, 102);Edition One;Português;M;72.0
1407;Sandshrew;(62, 102);Edition One;Português;M;85.5
1408;Squirtle;(63, 102);;Português;D;0.45
1409;Squirtle;(63, 102);;Inglês;D;0.45
1410;Squirtle;(63, 102);;Português;D;0.5
1411;Squirtle;(63, 102);;Português;HP;0.6
1412;Squirtle;(63, 102);;Português;D;0.9
1413;Squirtle;(63, 102);;Português;HP;1.3
1414;Squirtle;(63, 102);;Português;MP;1.5
1415;Squirtle;(63, 102);;Português;MP;1.5
1416;Squirtle;(63, 102);;Inglês;D;1.9
1417;Squirtle;(63, 102);;Português / Inglês;MP;2.3
1418;Squirtle;(63, 102);;Inglês;HP;2.3
1419;Squirtle;(63, 102);;Inglês;SP;2.7
1420;Squirtle;(63, 102);;Inglês;SP;3.4
1421;Squirtle;(63, 102);;Português / Inglês;MP;4.0
1422;Squirtle;(63, 102);;Português;HP;4.98
1423;Squirtle;(63, 102);;Inglês;HP;4.98
1424;Squirtle;(63, 102);;Português;MP;5.99
1425;Squirtle;(63, 102);;Italiano;MP;5.99
1426;Squirtle;(63, 102);;Inglês;MP;7.5
1427;Squirtle;(63, 102);;Português;SP;7.99
1428;Squirtle;(63, 102);;Português;MP;8.9
1429;Squirtle;(63, 102);;Português / Inglês;SP;8.99
1430;Squirtle;(63, 102);;Português / Inglês;NM;11.69
1431;Squirtle;(63, 102);;Português;NM;14.39
1432;Squirtle;(63, 102);;Português;SP;15.9
1433;Squirtle;(63, 102);;Português;MP;18.9
1434;Squirtle;(63, 102);;Inglês;MP;18.9
1435;Squirtle;(63, 102);Edition One;Português;D;25.5
1436;Squirtle;(63, 102);;Português;SP;39.9
1437;Squirtle;(63, 102);;Português;NM;39.99
1438;Squirtle;(63, 102);;Português;M;54.0
1439;Squirtle;(63, 102);;Português;NM;58.9
1440;Squirtle;(63, 102);Edition One;Português;D;59.9
1441;Squirtle;(63, 102);Edition One;Português;MP;132.91
1442;Squirtle;(63, 102);Edition One;Português;M;219.9
1443;Squirtle;(63, 102);Shadowless;Inglês;SP;219.9
1444;Squirtle;(63, 102);Edition One;Português;M;225.0
1445;Squirtle;(63, 102);Edition One;Português;SP;233.61
1446;Squirtle;(63, 102);Edition One;Português;M;270.0
1447;Starmie;(64, 102);;Português;HP;0.51
1448;Starmie;(64, 102);;Inglês;HP;0.51
1449;Starmie;(64, 102);;Italiano;HP;0.51
1450;Starmie;(64, 102);;Português;SP;0.85
1451;Starmie;(64, 102);;Português;D;0.9
1452;Starmie;(64, 102);;Português;HP;1.3
1453;Starmie;(64, 102);;Português;MP;1.5
1454;Starmie;(64, 102);;Inglês;MP;1.5
1455;Starmie;(64, 102);;Português;MP;1.5
1456;Starmie;(64, 102);;Português;SP;1.7
1457;Starmie;(64, 102);;Inglês;D;1.9
1458;Starmie;(64, 102);;Português;MP;1.98
1459;Starmie;(64, 102);;Inglês;MP;1.98
1460;Starmie;(64, 102);;Inglês;HP;1.99
1461;Starmie;(64, 102);;Português;HP;1.99
1462;Starmie;(64, 102);;Português;SP;2.0
1463;Starmie;(64, 102);;Inglês;HP;2.3
1464;Starmie;(64, 102);;Inglês;MP;2.5
1465;Starmie;(64, 102);;Inglês;SP;2.7
1466;Starmie;(64, 102);;Português / Inglês;MP;3.15
1467;Starmie;(64, 102);;Português;SP;3.99
1468;Starmie;(64, 102);;Inglês;SP;3.99
1469;Starmie;(64, 102);;Português;MP;4.68
1470;Starmie;(64, 102);;Português;SP;7.19
1471;Starmie;(64, 102);;Inglês;SP;7.65
1472;Starmie;(64, 102);;Português;SP;8.98
1473;Starmie;(64, 102);;Português;SP;8.99
1474;Starmie;(64, 102);;Português;NM;14.39
1475;Starmie;(64, 102);;Português;NM;15.29
1476;Starmie;(64, 102);;Português;SP;15.99
1477;Starmie;(64, 102);;Inglês;M;17.91
1478;Starmie;(64, 102);;Português;NM;19.9
1479;Starmie;(64, 102);;Inglês;NM;19.9
1480;Starmie;(64, 102);Edition One;Português;MP;27.9
1481;Starmie;(64, 102);;Português;M;32.39
1482;Starmie;(64, 102);;Português;M;45.0
1483;Starmie;(64, 102);Edition One;Português;SP;53.11
1484;Starmie;(64, 102);Edition One;Português;SP;58.9
1485;Starmie;(64, 102);;Português;M;72.0
1486;Starmie;(64, 102);;Inglês;M;81.0
1487;Staryu;(65, 102);;Português / Inglês;HP;0.09
1488;Staryu;(65, 102);;Português;D;0.1
1489;Staryu;(65, 102);;Português;D;0.13
1490;Staryu;(65, 102);;Português;HP;0.15
1491;Staryu;(65, 102);;Inglês;HP;0.18
1492;Staryu;(65, 102);;Português;MP;0.2
1493;Staryu;(65, 102);;Inglês;MP;0.2
1494;Staryu;(65, 102);;Português;HP;0.2
1495;Staryu;(65, 102);;Português;D;0.23
1496;Staryu;(65, 102);;Português;SP;0.3
1497;Staryu;(65, 102);;Português;MP;0.3
1498;Staryu;(65, 102);;Português;SP;0.5
1499;Staryu;(65, 102);;Inglês;HP;0.51
1500;Staryu;(65, 102);;Português;HP;0.51
1501;Staryu;(65, 102);;Português;MP;0.63
1502;Staryu;(65, 102);;Português;D;0.9
1503;Staryu;(65, 102);;Português;MP;0.98
1504;Staryu;(65, 102);;Português;MP;0.98
1505;Staryu;(65, 102);;Inglês;MP;0.98
1506;Staryu;(65, 102);;Inglês;SP;1.0
1507;Staryu;(65, 102);;Inglês;NM;1.23
1508;Staryu;(65, 102);;Português;HP;1.3
1509;Staryu;(65, 102);;Português;MP;1.5
1510;Staryu;(65, 102);;Português;SP;1.7
1511;Staryu;(65, 102);;Português;MP;1.79
1512;Staryu;(65, 102);;Português;MP;1.99
1513;Staryu;(65, 102);;Inglês;MP;1.99
1514;Staryu;(65, 102);;Português;SP;2.0
1515;Staryu;(65, 102);;Espanhol;SP;2.0
1516;Staryu;(65, 102);;Inglês;D;2.3
1517;Staryu;(65, 102);;Inglês;MP;2.5
1518;Staryu;(65, 102);;Português / Inglês;SP;2.69
1519;Staryu;(65, 102);;Inglês;SP;2.7
1520;Staryu;(65, 102);;Português;SP;2.99
1521;Staryu;(65, 102);;Português;SP;3.98
1522;Staryu;(65, 102);;Português;NM;4.05
1523;Staryu;(65, 102);;Português;M;7.19
1524;Staryu;(65, 102);;Inglês;M;7.65
1525;Staryu;(65, 102);;Português;NM;8.98
1526;Staryu;(65, 102);;Inglês;NM;8.98
1527;Staryu;(65, 102);Shadowless;Inglês;D;9.5
1528;Staryu;(65, 102);Edition One;Português;D;12.9
1529;Staryu;(65, 102);Edition One;Português;SP;13.9
1530;Staryu;(65, 102);Edition One;Português;SP;30.88
1531;Staryu;(65, 102);Edition One;Português;SP;39.9
1532;Staryu;(65, 102);Edition One;Português;NM;78.9
1533;Tangela;(66, 102);;Português;D;0.1
1534;Tangela;(66, 102);;Português;D;0.13
1535;Tangela;(66, 102);;Português;HP;0.14
1536;Tangela;(66, 102);;Português;D;0.18
1537;Tangela;(66, 102);;Português;MP;0.3
1538;Tangela;(66, 102);;Português;MP;0.34
1539;Tangela;(66, 102);;Português;HP;0.5
1540;Tangela;(66, 102);;Português;D;0.9
1541;Tangela;(66, 102);;Português;HP;0.98
1542;Tangela;(66, 102);;Português / Inglês;MP;1.0
1543;Tangela;(66, 102);;Inglês;MP;1.0
1544;Tangela;(66, 102);;Português;HP;1.3
1545;Tangela;(66, 102);;Português;MP;1.5
1546;Tangela;(66, 102);;Português;SP;1.7
1547;Tangela;(66, 102);;Inglês;D;1.9
1548;Tangela;(66, 102);;Português;SP;2.0
1549;Tangela;(66, 102);;Inglês;HP;2.3
1550;Tangela;(66, 102);;Inglês;MP;2.5
1551;Tangela;(66, 102);;Inglês;SP;2.7
1552;Tangela;(66, 102);;Português;SP;2.99
1553;Tangela;(66, 102);;Português;MP;3.98
1554;Tangela;(66, 102);;Português;SP;4.1
1555;Tangela;(66, 102);;Português;SP;7.98
1556;Tangela;(66, 102);;Português;SP;9.99
1557;Tangela;(66, 102);;Português;NM;11.25
1558;Tangela;(66, 102);;Português;NM;12.9
1559;Tangela;(66, 102);;Inglês;SP;12.99
1560;Tangela;(66, 102);;Português / Inglês;NM;14.39
1561;Tangela;(66, 102);Edition One;Português;MP;24.23
1562;Tangela;(66, 102);;Inglês;M;25.2
1563;Tangela;(66, 102);;Português;M;26.91
1564;Tangela;(66, 102);Edition One;Português;MP;28.9
1565;Tangela;(66, 102);;Italiano;M;31.5
1566;Tangela;(66, 102);;Português;M;35.91
1567;Tangela;(66, 102);;Inglês;M;35.91
1568;Tangela;(66, 102);Edition One;Português;SP;39.9
1569;Tangela;(66, 102);Edition One;Português;SP;52.73
1570;Tangela;(66, 102);Edition One;Português;NM;79.9
1571;Voltorb;(67, 102);;Inglês;HP;0.34
1572;Voltorb;(67, 102);;Português;HP;0.45
1573;Voltorb;(67, 102);;Japonês;D;0.5
1574;Voltorb;(67, 102);;Português;HP;0.5
1575;Voltorb;(67, 102);;Inglês;SP;0.85
1576;Voltorb;(67, 102);;Português;D;0.9
1577;Voltorb;(67, 102);;Português;HP;1.02
1578;Voltorb;(67, 102);;Português;HP;1.3
1579;Voltorb;(67, 102);;Português;MP;1.5
1580;Voltorb;(67, 102);;Português;SP;1.7
1581;Voltorb;(67, 102);;Inglês;D;1.9
1582;Voltorb;(67, 102);;Inglês;NM;2.0
1583;Voltorb;(67, 102);;Inglês;MP;2.5
1584;Voltorb;(67, 102);;Inglês;HP;2.5
1585;Voltorb;(67, 102);;Inglês;SP;2.7
1586;Voltorb;(67, 102);;Português / Inglês;MP;3.0
1587;Voltorb;(67, 102);;Inglês;HP;3.98
1588;Voltorb;(67, 102);;Inglês;SP;5.39
1589;Voltorb;(67, 102);;Português;MP;8.9
1590;Voltorb;(67, 102);;Português;SP;8.99
1591;Voltorb;(67, 102);Edition One;Português;SP;10.9
1592;Voltorb;(67, 102);;Inglês;SP;11.9
1593;Voltorb;(67, 102);;Português;SP;11.9
1594;Voltorb;(67, 102);;Português;NM;17.91
1595;Voltorb;(67, 102);;Inglês;NM;19.9
1596;Voltorb;(67, 102);;Português;NM;19.9
1597;Vulpix;(68, 102);;Português / Inglês;MP;0.26
1598;Vulpix;(68, 102);;Português;D;0.35
1599;Vulpix;(68, 102);;Português;HP;0.45
1600;Vulpix;(68, 102);;Português;HP;0.51
1601;Vulpix;(68, 102);;Português / Inglês;MP;0.89
1602;Vulpix;(68, 102);;Português;D;0.9
1603;Vulpix;(68, 102);;Português;NM;1.0
1604;Vulpix;(68, 102);;Português;MP;1.0
1605;Vulpix;(68, 102);;Inglês;SP;1.06
1606;Vulpix;(68, 102);;Português;HP;1.3
1607;Vulpix;(68, 102);;Português;MP;1.5
1608;Vulpix;(68, 102);;Português;SP;2.03
1609;Vulpix;(68, 102);;Português;SP;2.25
1610;Vulpix;(68, 102);;Inglês;HP;2.3
1611;Vulpix;(68, 102);;Inglês;MP;2.5
1612;Vulpix;(68, 102);;Português;SP;2.7
1613;Vulpix;(68, 102);;Inglês;SP;2.7
1614;Vulpix;(68, 102);;Português / Inglês;MP;3.0
1615;Vulpix;(68, 102);;Português;HP;3.9
1616;Vulpix;(68, 102);;Inglês;SP;4.95
1617;Vulpix;(68, 102);;Inglês;SP;5.39
1618;Vulpix;(68, 102);;Português / Inglês;SP;6.29
1619;Vulpix;(68, 102);;Português;SP;7.9
1620;Vulpix;(68, 102);;Inglês;SP;9.99
1621;Vulpix;(68, 102);Edition One;Português;D;10.2
1622;Vulpix;(68, 102);Shadowless;Inglês;D;12.5
1623;Vulpix;(68, 102);Edition One;Português;D;15.0
1624;Vulpix;(68, 102);;Português;NM;17.55
1625;Vulpix;(68, 102);Edition One;Português;HP;20.0
1626;Vulpix;(68, 102);Edition One;Português;D;22.9
1627;Vulpix;(68, 102);Edition One;Português;HP;24.9
1628;Vulpix;(68, 102);Edition One;Português;MP;26.9
1629;Vulpix;(68, 102);Edition One;Português;MP;27.9
1630;Vulpix;(68, 102);;Português / Inglês;M;35.91
1631;Vulpix;(68, 102);Edition One;Português;MP;38.9
1632;Vulpix;(68, 102);;Português;M;45.0
1633;Vulpix;(68, 102);Edition One;Português;SP;47.03
1634;Vulpix;(68, 102);Edition One;Português;SP;58.9
1635;Vulpix;(68, 102);;Inglês;M;63.0
1636;Vulpix;(68, 102);Edition One;Português;M;81.0
1637;Weedle;(69, 102);;Português / Inglês;HP;0.1
1638;Weedle;(69, 102);;Português;HP;0.13
1639;Weedle;(69, 102);;Português;HP;0.15
1640;Weedle;(69, 102);;Inglês;HP;0.15
1641;Weedle;(69, 102);;Português / Inglês;SP;0.2
1642;Weedle;(69, 102);;Português;D;0.23
1643;Weedle;(69, 102);;Inglês;MP;0.23
1644;Weedle;(69, 102);;Português;HP;0.25
1645;Weedle;(69, 102);;Inglês;HP;0.26
1646;Weedle;(69, 102);;Português;SP;0.3
1647;Weedle;(69, 102);;Português;MP;0.3
1648;Weedle;(69, 102);;Inglês;MP;0.3
1649;Weedle;(69, 102);;Inglês;SP;0.34
1650;Weedle;(69, 102);;Português;D;0.35
1651;Weedle;(69, 102);;Inglês;D;0.35
1652;Weedle;(69, 102);Alterada;Inglês;SP;0.5
1653;Weedle;(69, 102);;Português;SP;0.5
1654;Weedle;(69, 102);;Inglês;SP;0.5
1655;Weedle;(69, 102);;Português;D;0.9
1656;Weedle;(69, 102);;Português;HP;0.98
1657;Weedle;(69, 102);;Português;NM;1.0
1658;Weedle;(69, 102);;Português;HP;1.0
1659;Weedle;(69, 102);;Português;HP;1.3
1660;Weedle;(69, 102);;Português;MP;1.49
1661;Weedle;(69, 102);;Português;MP;1.49
1662;Weedle;(69, 102);;Inglês;MP;1.5
1663;Weedle;(69, 102);;Português;SP;1.7
1664;Weedle;(69, 102);;Inglês;D;1.9
1665;Weedle;(69, 102);;Português;MP;1.98
1666;Weedle;(69, 102);;Inglês;MP;1.98
1667;Weedle;(69, 102);;Português;SP;1.99
1668;Weedle;(69, 102);;Português / Inglês;HP;2.0
1669;Weedle;(69, 102);;Inglês;HP;2.3
1670;Weedle;(69, 102);;Inglês;MP;2.5
1671;Weedle;(69, 102);Alterada;Português;NM;2.69
1672;Weedle;(69, 102);;Português;NM;5.39
1673;Weedle;(69, 102);;Inglês;NM;5.39
1674;Weedle;(69, 102);;Português;SP;6.98
1675;Weedle;(69, 102);;Português;M;8.09
1676;Weedle;(69, 102);;Português;SP;8.9
1677;Weedle;(69, 102);;Português;NM;11.98
1678;Weedle;(69, 102);Edition One;Português;MP;14.9
1679;Weedle;(69, 102);Edition One;Português;D;17.9
1680;Weedle;(69, 102);;Português;NM;25.9
1681;Weedle;(69, 102);Edition One;Português;SP;53.11
1682;Computer Search;(71, 102);;Português;D;3.0
1683;Computer Search;(71, 102);;Português;HP;4.0
1684;Computer Search;(71, 102);;Português;HP;4.0
1685;Computer Search;(71, 102);;Português / Inglês;MP;9.9
1686;Computer Search;(71, 102);;Inglês;D;9.99
1687;Computer Search;(71, 102);;Português;D;12.99
1688;Computer Search;(71, 102);;Português;D;15.0
1689;Computer Search;(71, 102);;Português;D;15.9
1690;Computer Search;(71, 102);;Português;HP;15.95
1691;Computer Search;(71, 102);;Português;HP;15.99
1692;Computer Search;(71, 102);;Português;HP;16.9
1693;Computer Search;(71, 102);;Português;MP;18.99
1694;Computer Search;(71, 102);;Português;SP;19.5
1695;Computer Search;(71, 102);;Inglês;D;19.9
1696;Computer Search;(71, 102);;Português / Inglês;NM;19.9
1697;Computer Search;(71, 102);;Inglês;HP;20.9
1698;Computer Search;(71, 102);;Português;HP;21.95
1699;Computer Search;(71, 102);;Português;MP;23.95
1700;Computer Search;(71, 102);Edition One;Português;SP;24.5
1701;Computer Search;(71, 102);;Português;HP;25.0
1702;Computer Search;(71, 102);;Português / Inglês;MP;29.0
1703;Computer Search;(71, 102);;Português;NM;29.9
1704;Computer Search;(71, 102);;Português;MP;29.9
1705;Computer Search;(71, 102);;Português;SP;29.95
1706;Computer Search;(71, 102);;Inglês;MP;29.95
1707;Computer Search;(71, 102);;Português;SP;29.99
1708;Computer Search;(71, 102);;Inglês;SP;29.99
1709;Computer Search;(71, 102);;Inglês;SP;34.95
1710;Computer Search;(71, 102);;Português;NM;39.95
1711;Computer Search;(71, 102);Edition One;Português;D;41.9
1712;Computer Search;(71, 102);Edition One;Português;SP;48.5
1713;Computer Search;(71, 102);;Português;SP;49.9
1714;Computer Search;(71, 102);;Inglês;NM;49.95
1715;Computer Search;(71, 102);;Inglês;NM;54.0
1716;Computer Search;(71, 102);;Português;SP;54.0
1717;Computer Search;(71, 102);Edition One;Português;HP;59.95
1718;Computer Search;(71, 102);;Francês;MP;69.9
1719;Computer Search;(71, 102);Edition One;Português;NM;129.95
1720;Computer Search;(71, 102);;Português;M;171.0
1721;Computer Search;(71, 102);Edition One;Português;SP;180.0
1722;Computer Search;(71, 102);Edition One;Português;M;621.0
1723;Lass;(75, 102);;Português;HP;1.99
1724;Lass;(75, 102);;Português;MP;3.0
1725;Lass;(75, 102);;Português;NM;4.0
1726;Lass;(75, 102);;Inglês;D;4.5
1727;Lass;(75, 102);;Português / Inglês;HP;8.0
1728;Lass;(75, 102);;Português;MP;8.5
1729;Lass;(75, 102);;Português;HP;8.5
1730;Lass;(75, 102);;Português;D;8.5
1731;Lass;(75, 102);;Português / Inglês;MP;8.5
1732;Lass;(75, 102);;Português;SP;8.9
1733;Lass;(75, 102);;Português;SP;8.99
1734;Lass;(75, 102);;Inglês;HP;9.9
1735;Lass;(75, 102);;Inglês;D;11.9
1736;Lass;(75, 102);;Inglês;MP;12.9
1737;Lass;(75, 102);;Português;MP;12.9
1738;Lass;(75, 102);;Inglês;SP;13.9
1739;Lass;(75, 102);;Português;SP;15.9
1740;Lass;(75, 102);;Inglês;MP;15.9
1741;Lass;(75, 102);;Inglês;SP;18.9
1742;Lass;(75, 102);;Português;MP;18.95
1743;Lass;(75, 102);;Português;SP;23.95
1744;Lass;(75, 102);;Português;NM;26.91
1745;Lass;(75, 102);;Inglês;NM;29.95
1746;Lass;(75, 102);Edition One;Português;HP;44.9
1747;Lass;(75, 102);Edition One;Português;HP;78.0
1748;Lass;(75, 102);Edition One;Português;MP;79.8
1749;Lass;(75, 102);Edition One;Português;D;79.9
1750;Lass;(75, 102);Edition One;Português;MP;79.9
1751;Lass;(75, 102);Edition One;Português;HP;79.95
1752;Lass;(75, 102);Edition One;Português;MP;109.95
1753;Lass;(75, 102);Edition One;Português;HP;124.5
1754;Lass;(75, 102);Edition One;Português;SP;139.95
1755;Lass;(75, 102);Edition One;Português;NM;149.5
1756;Scoop Up;(78, 102);;Japonês;NM;9.5
1757;Scoop Up;(78, 102);;Português;D;15.0
1758;Scoop Up;(78, 102);;Português;D;17.9
1759;Scoop Up;(78, 102);;Inglês;D;18.9
1760;Scoop Up;(78, 102);;Português;HP;20.0
1761;Scoop Up;(78, 102);;Português;MP;29.9
1762;Scoop Up;(78, 102);Edition One;Português;HP;30.0
1763;Scoop Up;(78, 102);;Japonês;D;35.0
1764;Scoop Up;(78, 102);;Português;SP;39.99
1765;Scoop Up;(78, 102);;Português;M;45.0
1766;Scoop Up;(78, 102);;Português;SP;45.5
1767;Scoop Up;(78, 102);;Inglês;SP;53.9
1768;Scoop Up;(78, 102);Edition One;Português;M;180.0
1769;Scoop Up;(78, 102);Edition One;Português;MP;189.9
1770;Defender;(80, 102);;Inglês;SP;0.6
1771;Defender;(80, 102);;Inglês;SP;1.7
1772;Defender;(80, 102);;Português;D;1.9
1773;Defender;(80, 102);;Português;HP;2.3
1774;Defender;(80, 102);;Português;MP;2.5
1775;Defender;(80, 102);;Português;MP;2.55
1776;Defender;(80, 102);;Inglês;SP;2.69
1777;Defender;(80, 102);;Português;SP;2.7
1778;Defender;(80, 102);;Português / Inglês;MP;7.0
1779;Defender;(80, 102);;Inglês;D;7.9
1780;Defender;(80, 102);;Inglês;HP;8.9
1781;Defender;(80, 102);;Português;D;9.5
1782;Defender;(80, 102);Shadowless;Inglês;MP;9.5
1783;Defender;(80, 102);;Português;HP;12.5
1784;Defender;(80, 102);;Inglês;MP;13.5
1785;Defender;(80, 102);;Inglês;SP;14.5
1786;Defender;(80, 102);Edition One;Português;D;14.9
1787;Defender;(80, 102);Edition One;Português;SP;14.99
1788;Defender;(80, 102);;Inglês;NM;18.0
1789;Defender;(80, 102);Edition One;Português;SP;19.9
1790;Defender;(80, 102);;Português;M;31.5
1791;Defender;(80, 102);;Português;NM;49.9
1792;Defender;(80, 102);Edition One;Português;M;135.0
1793;Defender;(80, 102);Edition One;Português;M;270.0
1794;Energy Retrieval;(81, 102);;Português;HP;0.5
1795;Energy Retrieval;(81, 102);;Português;HP;0.51
1796;Energy Retrieval;(81, 102);;Inglês;SP;0.85
1797;Energy Retrieval;(81, 102);;Português / Inglês;SP;1.28
1798;Energy Retrieval;(81, 102);;Português;NM;1.5
1799;Energy Retrieval;(81, 102);;Português;SP;1.5
1800;Energy Retrieval;(81, 102);;Inglês;SP;1.5
1801;Energy Retrieval;(81, 102);;Português;D;1.9
1802;Energy Retrieval;(81, 102);;Português / Inglês;MP;2.0
1803;Energy Retrieval;(81, 102);;Português;MP;2.5
1804;Energy Retrieval;(81, 102);;Inglês;MP;2.5
1805;Energy Retrieval;(81, 102);;Português;SP;2.7
1806;Energy Retrieval;(81, 102);;Inglês;D;2.9
1807;Energy Retrieval;(81, 102);;Inglês;HP;3.3
1808;Energy Retrieval;(81, 102);;Inglês;MP;3.5
1809;Energy Retrieval;(81, 102);;Inglês;SP;3.7
1810;Energy Retrieval;(81, 102);;Inglês;MP;3.9
1811;Energy Retrieval;(81, 102);;Português;SP;5.9
1812;Energy Retrieval;(81, 102);Edition One;Português;MP;9.9
1813;Energy Retrieval;(81, 102);Edition One;Português;MP;11.9
1814;Energy Retrieval;(81, 102);;Português;M;36.0
1815;Energy Retrieval;(81, 102);Edition One;Português;M;171.0
1816;Maintenance;(83, 102);;Português;D;0.5
1817;Maintenance;(83, 102);;Português;MP;4.5
1818;Maintenance;(83, 102);;Português;HP;4.9
1819;Maintenance;(83, 102);;Português;D;8.5
1820;Maintenance;(83, 102);;Inglês;HP;9.9
1821;Maintenance;(83, 102);;Português;SP;13.95
1822;Maintenance;(83, 102);Edition One;Português;HP;29.9
1823;Maintenance;(83, 102);;Português;M;31.5
1824;Maintenance;(83, 102);Edition One;Português;M;108.0
1825;PlusPower;(84, 102);;Português;HP;0.53
1826;PlusPower;(84, 102);;Português;MP;1.0
1827;PlusPower;(84, 102);;Português;NM;1.5
1828;PlusPower;(84, 102);;Português;HP;1.7
1829;PlusPower;(84, 102);;Português;D;1.9
1830;PlusPower;(84, 102);;Português;HP;2.3
1831;PlusPower;(84, 102);;Português;MP;2.5
1832;PlusPower;(84, 102);;Português;MP;2.69
1833;PlusPower;(84, 102);;Português;SP;2.7
1834;PlusPower;(84, 102);;Espanhol;SP;2.7
1835;PlusPower;(84, 102);;Inglês;D;3.9
1836;PlusPower;(84, 102);;Inglês;HP;4.3
1837;PlusPower;(84, 102);;Inglês;MP;4.5
1838;PlusPower;(84, 102);;Inglês;SP;4.7
1839;PlusPower;(84, 102);;Inglês;SP;6.21
1840;PlusPower;(84, 102);;Inglês;SP;7.65
1841;PlusPower;(84, 102);;Inglês;NM;9.89
1842;PlusPower;(84, 102);Edition One;Português;MP;18.0
1843;PlusPower;(84, 102);;Japonês;SP;19.9
1844;PlusPower;(84, 102);;Português;M;22.5
1845;PlusPower;(84, 102);Edition One;Português;MP;29.9
1846;PlusPower;(84, 102);;Português;M;36.0
1847;PlusPower;(84, 102);Edition One;Português;NM;39.9
1848;PlusPower;(84, 102);Edition One;Espanhol;MP;89.9
1849;PlusPower;(84, 102);Edition One;Português;MP;99.5
1850;PlusPower;(84, 102);Edition One;Português;MP;99.9
1851;PlusPower;(84, 102);Edition One;Português;M;270.0
1852;Pokémon Center;(85, 102);;Português;MP;3.5
1853;Pokémon Center;(85, 102);;Português;HP;3.5
1854;Pokémon Center;(85, 102);;Português;HP;7.9
1855;Pokémon Center;(85, 102);;Português;MP;12.9
1856;Pokémon Center;(85, 102);;Português;SP;19.9
1857;Pokémon Center;(85, 102);;Japonês;MP;25.0
1858;Pokémon Center;(85, 102);Edition One;Português;M;90.0
1859;Pokédex;(87, 102);;Português;HP;0.35
1860;Pokédex;(87, 102);;Português;MP;0.4
1861;Pokédex;(87, 102);;Português;MP;0.5
1862;Pokédex;(87, 102);;Português;HP;0.51
1863;Pokédex;(87, 102);;Português;SP;0.85
1864;Pokédex;(87, 102);;Inglês;SP;1.0
1865;Pokédex;(87, 102);;Português;SP;1.0
1866;Pokédex;(87, 102);;Português;D;1.9
1867;Pokédex;(87, 102);;Inglês;SP;1.98
1868;Pokédex;(87, 102);;Português;HP;2.3
1869;Pokédex;(87, 102);;Português;MP;2.5
1870;Pokédex;(87, 102);;Português;SP;3.15
1871;Pokédex;(87, 102);;Inglês;SP;3.2
1872;Pokédex;(87, 102);;Inglês;HP;3.3
1873;Pokédex;(87, 102);;Inglês;MP;3.5
1874;Pokédex;(87, 102);;Inglês;SP;3.7
1875;Pokédex;(87, 102);;Inglês;MP;5.9
1876;Pokédex;(87, 102);;Português;D;6.5
1877;Pokédex;(87, 102);;Português;NM;9.5
1878;Pokédex;(87, 102);;Inglês;SP;9.9
1879;Pokédex;(87, 102);;Português / Inglês;MP;10.0
1880;Pokédex;(87, 102);Edition One;Português;SP;10.0
1881;Pokédex;(87, 102);;Japonês;SP;19.9
1882;Pokédex;(87, 102);;Português;NM;35.0
1883;Pokédex;(87, 102);Edition One;Português;M;72.0
1884;Pokédex;(87, 102);Edition One;Português;MP;120.0
1885;Professor Oak;(88, 102);;Português;D;1.28
1886;Professor Oak;(88, 102);;Inglês;HP;1.7
1887;Professor Oak;(88, 102);;Português;D;2.0
1888;Professor Oak;(88, 102);;Inglês;D;2.0
1889;Professor Oak;(88, 102);;Português;MP;2.5
1890;Professor Oak;(88, 102);;Português;D;2.9
1891;Professor Oak;(88, 102);;Português;HP;3.0
1892;Professor Oak;(88, 102);;Português;SP;3.32
1893;Professor Oak;(88, 102);;Português;HP;3.5
1894;Professor Oak;(88, 102);;Português;MP;3.9
1895;Professor Oak;(88, 102);;Inglês;D;3.9
1896;Professor Oak;(88, 102);;Português / Inglês;HP;3.9
1897;Professor Oak;(88, 102);;Inglês;SP;4.0
1898;Professor Oak;(88, 102);;Português;SP;4.0
1899;Professor Oak;(88, 102);;Inglês;HP;4.3
1900;Professor Oak;(88, 102);;Português;SP;4.5
1901;Professor Oak;(88, 102);;Inglês;MP;4.5
1902;Professor Oak;(88, 102);;Inglês;D;4.5
1903;Professor Oak;(88, 102);;Português;HP;4.9
1904;Professor Oak;(88, 102);;Português;HP;6.5
1905;Professor Oak;(88, 102);;Português;MP;7.5
1906;Professor Oak;(88, 102);;Português;MP;7.99
1907;Professor Oak;(88, 102);;Português;SP;8.5
1908;Professor Oak;(88, 102);;Português / Inglês;MP;8.9
1909;Professor Oak;(88, 102);;Português;MP;8.9
1910;Professor Oak;(88, 102);;Inglês;MP;9.9
1911;Professor Oak;(88, 102);;Português;SP;9.99
1912;Professor Oak;(88, 102);;Português;SP;13.79
1913;Professor Oak;(88, 102);;Português;SP;15.9
1914;Professor Oak;(88, 102);;Inglês;SP;19.9
1915;Professor Oak;(88, 102);Edition One;Português;MP;24.9
1916;Professor Oak;(88, 102);Edition One;Português;MP;30.0
1917;Professor Oak;(88, 102);;Japonês;HP;39.9
1918;Professor Oak;(88, 102);Edition One;Português;NM;53.9
1919;Professor Oak;(88, 102);;Português;M;72.0
1920;Super Potion;(90, 102);;Português;D;0.09
1921;Super Potion;(90, 102);;Inglês;MP;0.2
1922;Super Potion;(90, 102);;Português;MP;0.2
1923;Super Potion;(90, 102);;Português;MP;0.25
1924;Super Potion;(90, 102);;Inglês;HP;0.26
1925;Super Potion;(90, 102);;Português;MP;0.3
1926;Super Potion;(90, 102);;Inglês;MP;0.3
1927;Super Potion;(90, 102);;Português;D;0.31
1928;Super Potion;(90, 102);;Português;SP;0.4
1929;Super Potion;(90, 102);;Português;MP;0.43
1930;Super Potion;(90, 102);;Inglês;SP;0.49
1931;Super Potion;(90, 102);;Português;SP;0.49
1932;Super Potion;(90, 102);;Japonês;D;0.5
1933;Super Potion;(90, 102);;Português;SP;0.5
1934;Super Potion;(90, 102);;Inglês;SP;0.5
1935;Super Potion;(90, 102);;Português;HP;0.51
1936;Super Potion;(90, 102);;Português;SP;0.77
1937;Super Potion;(90, 102);;Português / Inglês;SP;0.85
1938;Super Potion;(90, 102);;Inglês;SP;0.85
1939;Super Potion;(90, 102);;Português;NM;0.91
1940;Super Potion;(90, 102);;Espanhol;NM;1.5
1941;Super Potion;(90, 102);;Português;MP;1.5
1942;Super Potion;(90, 102);;Inglês;MP;1.5
1943;Super Potion;(90, 102);;Português;D;1.9
1944;Super Potion;(90, 102);;Inglês;D;1.9
1945;Super Potion;(90, 102);;Português / Inglês;MP;1.9
1946;Super Potion;(90, 102);;Português;HP;1.99
1947;Super Potion;(90, 102);;Inglês;SP;2.0
1948;Super Potion;(90, 102);;Português;SP;2.0
1949;Super Potion;(90, 102);;Português;HP;2.3
1950;Super Potion;(90, 102);;Inglês;HP;2.3
1951;Super Potion;(90, 102);;Inglês;MP;2.5
1952;Super Potion;(90, 102);;Espanhol;MP;2.5
1953;Super Potion;(90, 102);;Inglês;SP;2.7
1954;Super Potion;(90, 102);;Português;SP;2.7
1955;Super Potion;(90, 102);;Português;MP;2.7
1956;Super Potion;(90, 102);;Português;SP;2.98
1957;Super Potion;(90, 102);;Português / Inglês;SP;3.15
1958;Super Potion;(90, 102);Shadowless;Inglês;SP;4.7
1959;Super Potion;(90, 102);;Português;SP;4.99
1960;Super Potion;(90, 102);;Inglês;SP;5.5
1961;Super Potion;(90, 102);;Português;NM;5.98
1962;Super Potion;(90, 102);;Inglês;NM;8.91
1963;Super Potion;(90, 102);;Alemão;SP;10.0
1964;Super Potion;(90, 102);;Português;NM;13.95
1965;Super Potion;(90, 102);Edition One;Português;HP;16.9
1966;Super Potion;(90, 102);Edition One;Português;SP;20.0
1967;Super Potion;(90, 102);Edition One;Português;SP;20.9
1968;Super Potion;(90, 102);Edition One;Português;SP;24.23
1969;Super Potion;(90, 102);;Japonês;SP;25.0
1970;Super Potion;(90, 102);Edition One;Português;NM;25.0
1971;Super Potion;(90, 102);;Português;M;26.91
1972;Bill;(91, 102);;Português;HP;0.15
1973;Bill;(91, 102);;Português;HP;0.17
1974;Bill;(91, 102);;Português;HP;0.2
1975;Bill;(91, 102);;Português;HP;0.2
1976;Bill;(91, 102);;Português;HP;0.2
1977;Bill;(91, 102);;Português;D;0.31
1978;Bill;(91, 102);;Português;MP;0.4
1979;Bill;(91, 102);;Inglês;MP;0.5
1980;Bill;(91, 102);;Português;MP;0.5
1981;Bill;(91, 102);;Inglês;D;0.5
1982;Bill;(91, 102);;Português;D;0.5
1983;Bill;(91, 102);;Português;HP;0.51
1984;Bill;(91, 102);;Português;MP;0.63
1985;Bill;(91, 102);;Inglês;SP;0.85
1986;Bill;(91, 102);;Português;MP;0.89
1987;Bill;(91, 102);;Japonês;M;0.9
1988;Bill;(91, 102);;Português;MP;0.99
1989;Bill;(91, 102);;Português;SP;1.0
1990;Bill;(91, 102);;Português;SP;1.0
1991;Bill;(91, 102);;Português;MP;1.0
1992;Bill;(91, 102);;Inglês;MP;1.0
1993;Bill;(91, 102);;Português / Inglês;SP;1.45
1994;Bill;(91, 102);;Português;D;1.9
1995;Bill;(91, 102);;Português;D;1.9
1996;Bill;(91, 102);;Espanhol;D;1.9
1997;Bill;(91, 102);;Português;SP;2.0
1998;Bill;(91, 102);;Português;HP;2.3
1999;Bill;(91, 102);;Português;HP;2.3
2000;Bill;(91, 102);;Português;MP;2.5
2001;Bill;(91, 102);;Português;SP;2.7
2002;Bill;(91, 102);;Português;SP;2.7
2003;Bill;(91, 102);;Inglês;D;2.9
2004;Bill;(91, 102);;Inglês;HP;3.3
2005;Bill;(91, 102);;Inglês;MP;3.5
2006;Bill;(91, 102);;Inglês;SP;3.7
2007;Bill;(91, 102);;Português;SP;4.9
2008;Bill;(91, 102);;Português;SP;4.95
2009;Bill;(91, 102);;Inglês;MP;4.95
2010;Bill;(91, 102);;Inglês;SP;5.9
2011;Bill;(91, 102);;Inglês;NM;8.91
2012;Bill;(91, 102);;Português;NM;8.91
2013;Bill;(91, 102);;Alemão;NM;10.5
2014;Bill;(91, 102);;Japonês;SP;19.9
2015;Bill;(91, 102);Edition One;Português;HP;23.9
2016;Bill;(91, 102);;Português;M;27.0
2017;Bill;(91, 102);;Português;M;45.0
2018;Bill;(91, 102);Edition One;Português;SP;45.13
2019;Bill;(91, 102);Edition One;Português;NM;59.9
2020;Bill;(91, 102);Edition One;Português;M;108.0
2021;Energy Removal;(92, 102);;Português;D;0.08
2022;Energy Removal;(92, 102);;Português;HP;0.2
2023;Energy Removal;(92, 102);;Português;HP;0.2
2024;Energy Removal;(92, 102);;Português;D;0.43
2025;Energy Removal;(92, 102);;Inglês;HP;0.5
2026;Energy Removal;(92, 102);;Português;D;0.5
2027;Energy Removal;(92, 102);;Inglês;D;0.5
2028;Energy Removal;(92, 102);;Português;HP;0.51
2029;Energy Removal;(92, 102);;Português;MP;0.63
2030;Energy Removal;(92, 102);;Português;HP;0.85
2031;Energy Removal;(92, 102);;Português;MP;0.89
2032;Energy Removal;(92, 102);;Inglês;MP;1.0
2033;Energy Removal;(92, 102);;Português;MP;1.0
2034;Energy Removal;(92, 102);;Inglês;MP;1.0
2035;Energy Removal;(92, 102);;Português;SP;1.1
2036;Energy Removal;(92, 102);;Espanhol;SP;1.5
2037;Energy Removal;(92, 102);;Inglês;SP;1.5
2038;Energy Removal;(92, 102);;Português / Inglês;SP;1.5
2039;Energy Removal;(92, 102);;Português;MP;1.7
2040;Energy Removal;(92, 102);;Português / Inglês;D;1.8
2041;Energy Removal;(92, 102);;Português;D;1.9
2042;Energy Removal;(92, 102);;Português / Inglês;MP;2.0
2043;Energy Removal;(92, 102);;Português;HP;2.3
2044;Energy Removal;(92, 102);;Português;MP;2.5
2045;Energy Removal;(92, 102);;Português;SP;2.7
2046;Energy Removal;(92, 102);;Inglês;D;2.9
2047;Energy Removal;(92, 102);;Português;HP;2.99
2048;Energy Removal;(92, 102);;Inglês;HP;3.3
2049;Energy Removal;(92, 102);;Inglês;MP;3.5
2050;Energy Removal;(92, 102);;Português;MP;4.99
2051;Energy Removal;(92, 102);;Português;NM;13.95
2052;Energy Removal;(92, 102);;Japonês;MP;19.9
2053;Energy Removal;(92, 102);Edition One;Português;MP;27.9
2054;Energy Removal;(92, 102);;Português;M;31.5
2055;Energy Removal;(92, 102);Edition One;Português;M;90.0
2056;Gust of Wind;(93, 102);;Português;D;0.1
2057;Gust of Wind;(93, 102);;Inglês;D;0.1
2058;Gust of Wind;(93, 102);;Português;D;0.17
2059;Gust of Wind;(93, 102);;Português;HP;0.2
2060;Gust of Wind;(93, 102);;Português;HP;0.2
2061;Gust of Wind;(93, 102);;Inglês;D;0.25
2062;Gust of Wind;(93, 102);;Português / Inglês;HP;0.26
2063;Gust of Wind;(93, 102);;Português;MP;0.4
2064;Gust of Wind;(93, 102);;Português / Inglês;SP;0.49
2065;Gust of Wind;(93, 102);;Português / Inglês;SP;0.5
2066;Gust of Wind;(93, 102);;Inglês;HP;0.5
2067;Gust of Wind;(93, 102);;Português;D;0.5
2068;Gust of Wind;(93, 102);;Português;SP;0.5
2069;Gust of Wind;(93, 102);;Inglês;SP;0.5
2070;Gust of Wind;(93, 102);;Português;SP;0.51
2071;Gust of Wind;(93, 102);;Português;D;0.63
2072;Gust of Wind;(93, 102);;Português;HP;0.79
2073;Gust of Wind;(93, 102);;Inglês;SP;0.85
2074;Gust of Wind;(93, 102);;Inglês;MP;0.94
2075;Gust of Wind;(93, 102);;Inglês;MP;1.0
2076;Gust of Wind;(93, 102);;Português;MP;1.0
2077;Gust of Wind;(93, 102);;Inglês;MP;1.0
2078;Gust of Wind;(93, 102);;Inglês;MP;1.0
2079;Gust of Wind;(93, 102);;Português;NM;1.38
2080;Gust of Wind;(93, 102);;Português / Inglês;SP;1.45
2081;Gust of Wind;(93, 102);;Português;SP;1.5
2082;Gust of Wind;(93, 102);;Espanhol;SP;1.5
2083;Gust of Wind;(93, 102);;Português;MP;1.5
2084;Gust of Wind;(93, 102);;Português;MP;1.5
2085;Gust of Wind;(93, 102);;Português;D;1.9
2086;Gust of Wind;(93, 102);;Português;SP;1.98
2087;Gust of Wind;(93, 102);;Alemão;SP;1.98
2088;Gust of Wind;(93, 102);;Português;HP;2.3
2089;Gust of Wind;(93, 102);;Português;MP;2.5
2090;Gust of Wind;(93, 102);;Português;SP;2.7
2091;Gust of Wind;(93, 102);;Inglês;D;2.9
2092;Gust of Wind;(93, 102);;Inglês;HP;3.3
2093;Gust of Wind;(93, 102);;Inglês;MP;3.5
2094;Gust of Wind;(93, 102);;Inglês;SP;3.7
2095;Gust of Wind;(93, 102);;Português;NM;3.98
2096;Gust of Wind;(93, 102);;Português;SP;5.39
2097;Gust of Wind;(93, 102);;Português;SP;6.5
2098;Gust of Wind;(93, 102);;Inglês;SP;7.5
2099;Gust of Wind;(93, 102);Shadowless;Inglês;SP;7.7
2100;Gust of Wind;(93, 102);;Português;NM;9.45
2101;Gust of Wind;(93, 102);;Alemão;SP;9.5
2102;Gust of Wind;(93, 102);;Português;D;19.9
2103;Gust of Wind;(93, 102);;Português;NM;29.9
2104;Gust of Wind;(93, 102);;Português;M;36.0
2105;Gust of Wind;(93, 102);;Inglês;NM;39.9
2106;Gust of Wind;(93, 102);;Japonês;NM;79.9
2107;Gust of Wind;(93, 102);Edition One;Português;M;90.0
2108;Potion;(94, 102);;Português;HP;0.05
2109;Potion;(94, 102);;Português;D;0.09
2110;Potion;(94, 102);;Português;HP;0.1
2111;Potion;(94, 102);;Português;D;0.1
2112;Potion;(94, 102);;Inglês;HP;0.1
2113;Potion;(94, 102);;Português;HP;0.1
2114;Potion;(94, 102);;Português;HP;0.17
2115;Potion;(94, 102);;Português / Inglês;SP;0.2
2116;Potion;(94, 102);;Francês;SP;0.2
2117;Potion;(94, 102);;Inglês;HP;0.2
2118;Potion;(94, 102);;Português;HP;0.24
2119;Potion;(94, 102);;Inglês;HP;0.24
2120;Potion;(94, 102);;Português / Inglês;MP;0.26
2121;Potion;(94, 102);;Português;MP;0.3
2122;Potion;(94, 102);;Inglês;MP;0.3
2123;Potion;(94, 102);;Português;MP;0.31
2124;Potion;(94, 102);;Inglês;MP;0.31
2125;Potion;(94, 102);;Inglês;SP;0.43
2126;Potion;(94, 102);;Português;MP;0.5
2127;Potion;(94, 102);;Português;SP;0.5
2128;Potion;(94, 102);;Inglês;SP;0.5
2129;Potion;(94, 102);;Português;MP;0.5
2130;Potion;(94, 102);;Inglês;MP;0.5
2131;Potion;(94, 102);;Português;SP;0.75
2132;Potion;(94, 102);;Inglês;SP;0.75
2133;Potion;(94, 102);;Português / Inglês;SP;0.98
2134;Potion;(94, 102);;Português;NM;1.0
2135;Potion;(94, 102);;Inglês;NM;1.0
2136;Potion;(94, 102);;Alemão;NM;1.0
2137;Potion;(94, 102);;Espanhol;NM;1.0
2138;Potion;(94, 102);;Português;HP;1.75
2139;Potion;(94, 102);;Português;D;1.9
2140;Potion;(94, 102);;Alemão;D;1.9
2141;Potion;(94, 102);;Português / Inglês;MP;1.9
2142;Potion;(94, 102);;Português;SP;1.98
2143;Potion;(94, 102);;Português / Inglês;MP;2.03
2144;Potion;(94, 102);;Português;HP;2.3
2145;Potion;(94, 102);;Português;SP;2.48
2146;Potion;(94, 102);;Português;MP;2.5
2147;Potion;(94, 102);;Espanhol;MP;2.5
2148;Potion;(94, 102);;Português;SP;2.7
2149;Potion;(94, 102);;Inglês;D;2.9
2150;Potion;(94, 102);;Português;SP;2.93
2151;Potion;(94, 102);;Português;NM;2.98
2152;Potion;(94, 102);;Inglês;HP;3.3
2153;Potion;(94, 102);;Português;NM;3.49
2154;Potion;(94, 102);;Inglês;MP;3.5
2155;Potion;(94, 102);;Português;SP;3.5
2156;Potion;(94, 102);;Português;NM;3.59
2157;Potion;(94, 102);;Inglês;SP;3.7
2158;Potion;(94, 102);;Português;NM;19.9
2159;Potion;(94, 102);;Japonês;SP;19.9
2160;Potion;(94, 102);;Português;MP;24.8
2161;Potion;(94, 102);Edition One;Português;D;24.9
2162;Potion;(94, 102);Edition One;Português;HP;26.9
2163;Potion;(94, 102);Edition One;Português;SP;29.5
2164;Potion;(94, 102);;Inglês;NM;29.9
2165;Switch;(95, 102);;Português;D;0.16
2166;Switch;(95, 102);;Português;HP;0.17
2167;Switch;(95, 102);;Português;HP;0.24
2168;Switch;(95, 102);;Inglês;HP;0.26
2169;Switch;(95, 102);;Português;HP;0.3
2170;Switch;(95, 102);;Inglês;SP;0.34
2171;Switch;(95, 102);;Português;SP;0.34
2172;Switch;(95, 102);;Português;MP;0.4
2173;Switch;(95, 102);;Inglês;NM;0.43
2174;Switch;(95, 102);;Português;SP;0.49
2175;Switch;(95, 102);;Português;SP;0.5
2176;Switch;(95, 102);;Inglês;MP;0.6
2177;Switch;(95, 102);;Português;SP;0.6
2178;Switch;(95, 102);;Português / Inglês;NM;1.11
2179;Switch;(95, 102);;Português;D;1.9
2180;Switch;(95, 102);;Alemão;D;1.9
2181;Switch;(95, 102);;Espanhol;D;1.9
2182;Switch;(95, 102);;Português;HP;2.3
2183;Switch;(95, 102);;Português;MP;2.5
2184;Switch;(95, 102);;Português;SP;2.7
2185;Switch;(95, 102);;Inglês;D;2.9
2186;Switch;(95, 102);;Inglês;HP;3.3
2187;Switch;(95, 102);;Inglês;MP;3.5
2188;Switch;(95, 102);;Português;MP;3.5
2189;Switch;(95, 102);;Inglês;SP;3.7
2190;Switch;(95, 102);;Português / Inglês;SP;4.0
2191;Switch;(95, 102);;Português;SP;4.95
2192;Switch;(95, 102);;Português;NM;5.98
2193;Switch;(95, 102);;Português;SP;6.9
2194;Switch;(95, 102);;Inglês;SP;7.9
2195;Switch;(95, 102);;Japonês;SP;7.9
2196;Switch;(95, 102);;Inglês;NM;8.91
2197;Switch;(95, 102);;Alemão;SP;9.5
2198;Switch;(95, 102);Edition One;Português;MP;23.28
2199;Switch;(95, 102);;Francês;HP;25.0
2200;Switch;(95, 102);Edition One;Português;MP;26.9
2201;Switch;(95, 102);;Português;NM;29.9
2202;Switch;(95, 102);;Japonês;NM;49.9
2203;Switch;(95, 102);Edition One;Português;M;108.0
